hgvs_pro,score,se
p.Asp57His,0.734777397,0.022676985
p.Ala11Val,1.041989773,0.010292418
p.Ser102Cys,1.150820681,0.010079338
p.Val56Glu,0.68120826,0.037982395
p.Phe13Ala,0.533399343,0.050506675
p.Phe69Leu,0.940499404,0.010130788
p.Asp25Asn,1.034243967,0.009559738
p.Phe93Arg,0.34551649,0.300775619
p.Pro67=,0.866451554,0.008885273
p.Glu83Ter,0.222134118,0.037674801
p.Gln144Tyr,0.759813921,0.087815616
p.Asp134Ser,0.177888484,0.083665415
p.Lys22Ala,1.115024832,0.036533222
p.Gly133Arg,0.933846497,0.009017587
p.Leu33=,0.963457919,0.007268256
p.Val143=,1.078391703,0.005208164
p.Lys31Gly,0.880757912,0.047089237
p.Gln9Met,-0.266086679,0.122507271
p.Asp21Ala,0.199144872,0.04208346
p.Gly133Pro,-0.143149789,0.133770354
p.Glu84Ala,1.276129392,0.013836981
p.Ile64Glu,0.385338401,0.131467183
p.Glu55Ile,0.417723515,0.061116594
p.Phe17Lys,1.647830717,0.248937268
p.Thr6Ser,1.076384526,0.014435749
p.Gln4Leu,0.886548289,0.013989148
p.Glu46Cys,-0.178972467,0.087453273
p.Glu84Leu,0.786449725,0.040287713
p.Thr63Ile,1.025210629,0.007935914
p.Ala74Ser,0.927209726,0.025064113
p.Val92Ile,0.978451764,0.01570108
p.Phe17Trp,-0.003589987,0.122720891
p.Asp51Gly,0.955014622,0.006368671
p.Asn54=,1.089216865,0.007530112
p.Gln144Lys,0.66121473,0.029491833
p.Ala89Leu,0.211657453,0.082452097
p.Ala103Gly,0.887040765,0.026886827
p.Asp132Cys,0.476235165,0.126413276
p.Glu32Leu,0.553497723,0.136135671
p.Asp132Gly,1.043119546,0.005473117
p.Ala129Leu,0.341954593,0.05255314
p.Lys76Val,0.718940299,0.051506282
p.Glu84Lys,0.830801656,0.012043868
p.His108Ter,1.032664514,0.142512603
p.Ala103Ter,-0.427142433,0.153097015
p.Ala103Cys,-0.630524129,0.103410965
p.Gly135Val,0.704533321,0.022975838
p.Gly114Ter,-0.181960206,0.032054854
p.Gly97Asn,0.871631221,0.027894225
p.Ala148Ile,0.602102433,0.131896177
p.Asp132Glu,0.775534672,0.017245637
p.Asp96Tyr,0.306528967,0.041453364
p.Asn54Cys,0.189761833,0.066827868
p.Met37Val,1.049253785,0.006730841
p.Glu48Ser,0.449980776,0.064896156
p.Leu113=,0.933901972,0.006072807
p.Glu84Arg,0.951682267,0.030413383
p.Leu113Ter,-0.090845264,0.043078985
p.Thr45Lys,1.037806103,0.021890956
p.Ala47His,0.892409088,0.070331706
p.Glu85Arg,1.042872512,0.019397326
p.Gly133Ter,-0.579441773,0.062869216
p.Thr35Ser,0.96221753,0.015318328
p.Asp21Glu,1.114404457,0.016625176
p.Phe66Ile,0.59104775,0.023462572
p.Lys22His,0.195870742,0.078593041
p.Gln50Arg,1.102060281,0.007758831
p.Ile64Phe,1.068721918,0.017960114
p.Leu113Val,0.466098048,0.035109343
p.Asp96Gly,1.002104865,0.00751514
p.Glu115Gly,0.883419755,0.006336654
p.Ala89=,1.044776493,0.00588189
p.Gly135Ala,0.968246227,0.023424088
p.Ser102Tyr,-0.436381531,0.143738275
p.Arg38Gly,0.999909134,0.005560748
p.Gln136Ala,0.859339656,0.140448683
p.Gly26=,0.939994189,0.020393954
p.Thr63Tyr,-0.585968489,0.098136646
p.Ser39Arg,1.000499031,0.021670842
p.Asp59Asn,0.964607828,0.019858451
p.Ala129Ile,-0.364266393,0.108841969
p.Phe17Tyr,0.41055827,0.030189136
p.Met37Arg,0.689085308,0.024427186
p.Glu140Thr,0.489253251,0.101785436
p.Lys78Ala,0.249442465,0.054368476
p.Thr35Pro,0.840470232,0.017050022
p.Asn54Ile,0.856446136,0.02306046
p.Asn43Thr,1.227048694,0.026308787
p.Glu83Gly,1.005143152,0.017752094
p.Gln136Arg,1.055856096,0.007816511
p.Gly62Ala,1.187138475,0.012586413
p.Glu8Lys,0.659060204,0.018727795
p.Leu113Ile,0.913707554,0.017839763
p.Gln9Tyr,1.040744475,0.03289412
p.Thr6Ile,1.020676099,0.005376477
p.Asp23Gln,0.434942157,0.125037056
p.Gly114Val,0.464973572,0.023016627
p.Ala2Cys,0.534827233,0.124420019
p.Ile126Asn,0.75221519,0.019451621
p.Ile53Thr,1.051365338,0.006779479
p.Met125Leu,1.057546854,0.006875536
p.Phe13Gly,1.281862089,0.02489281
p.Met72Leu,1.131103374,0.011027244
p.Glu46Ser,0.151558391,0.054804264
p.Gly34Ala,0.288214652,0.087467818
p.Thr29Leu,0.278317096,0.057103152
p.Asp119Leu,0.731338886,0.031734805
p.Ala47Ser,1.008190669,0.013443071
p.Phe13Asn,-0.284067847,0.161059509
p.Ser82Phe,0.0705488,0.147348278
p.Thr71Ala,1.068606803,0.005673972
p.Ala104Thr,0.837904816,0.022091127
p.Lys22Leu,0.322647256,0.033117772
p.Glu83Trp,0.945340863,0.036430363
p.Gly41Pro,0.529667824,0.143923621
p.Ile131Cys,0.669444385,0.037331677
p.Asp25Arg,1.647830717,0.197528376
p.Glu48Leu,0.71991891,0.040786366
p.Arg38Gln,0.591870374,0.051714081
p.Arg38=,0.986810312,0.019187539
p.Gln50His,0.946244105,0.020895833
p.Glu48Ter,0.287181915,0.038883308
p.Glu68His,0.276421155,0.1754433
p.Glu105Asp,0.980029204,0.011034224
p.Gly41Val,0.879942968,0.015377449
p.Thr35Leu,0.378723712,0.129395138
p.Asp21Pro,1.383542337,0.035814225
p.Ile28Leu,0.895014831,0.016106452
p.Glu15Val,0.794735302,0.01630315
p.Asn98Ser,0.873426738,0.008159512
p.Thr29Glu,0.464309877,0.128590277
p.Asn112Arg,1.364437867,0.020311691
p.Glu121Arg,0.904213182,0.041207775
p.Leu33Met,0.192973364,0.052987587
p.Val122Ile,0.9576727,0.012618782
p.Thr6Ala,1.01438716,0.008048971
p.Glu140Val,0.841632278,0.01740425
p.Thr80Trp,0.37644777,0.088687677
p.Glu121Gly,0.892378585,0.00940403
p.Lys76Ser,0.682863781,0.04817299
p.Ile28=,1.052411138,0.004348018
p.Leu19=,1.038608162,0.005862326
p.Glu7Leu,0.534313168,0.096132477
p.Asp119Ser,1.116657003,0.029051168
p.Met37Ile,1.001621979,0.008247904
p.Met72Ter,0.397742086,0.129286694
p.Ala16Ser,0.879327401,0.016767094
p.Ile28Ter,-0.307149001,0.109474139
p.Ala103Ser,0.896787766,0.015465307
p.Glu55Leu,0.00299188,0.048537883
p.Ala148Glu,-0.971009356,2.279685916
p.Gly114Ser,-0.287375718,0.114529459
p.Glu7Gly,1.0467036,0.005728077
p.Leu113Pro,0.317855154,0.04384667
p.Leu33His,0.681257533,0.047577822
p.Asn98Glu,1.515217099,0.29892186
p.Phe20Trp,1.156933406,0.262735491
p.Asp119Ile,0.06013477,0.12641808
p.Ile131Gly,0.54946999,0.032428927
p.Glu15Ser,1.121661664,0.024277617
p.Asp51Val,0.018762738,0.061337715
p.Glu85Ter,-0.333523434,0.050321017
p.Ala58Val,1.07536184,0.010979769
p.Phe66Ser,0.9305018,0.007352932
p.Glu88Gly,0.93392968,0.006845343
p.Ser39Tyr,1.320675337,0.026956234
p.Thr27Lys,0.398624095,0.036081341
p.Asn61Thr,0.180667695,0.058605568
p.Asp123=,0.966688525,0.007726491
p.Thr118Ala,1.032275092,0.006016576
p.Leu70Arg,1.135944828,0.017622332
p.Gln136Ile,0.652914962,0.079154575
p.Thr30Gly,0.577125506,0.048455372
p.Thr80Glu,0.848060634,0.025540257
p.Thr29Pro,0.978873751,0.014098993
p.Met145Ser,0.462404824,0.106822918
p.Ala2Tyr,0.376789551,0.097868938
p.Ser102=,1.012205258,0.006235887
p.Glu115Ile,-0.222089569,0.145608378
p.Gly60Cys,1.018722686,0.014014454
p.Ser82Asn,1.111940214,0.010757236
p.Lys22Ser,0.922452051,0.021778363
p.Ser39Cys,0.841402444,0.09144648
p.Glu15Lys,0.719852573,0.013543537
p.Thr118Lys,0.870766494,0.025514446
p.Leu19Pro,0.913366275,0.010119029
p.Val143Asn,0.23026501,0.126174735
p.Arg91=,1.013504818,0.006443892
p.Glu32Arg,-0.239313496,0.202140814
p.Asp57Asn,1.032715765,0.008467095
p.Val137Met,1.319629195,0.309946178
p.Glu48Pro,-0.255917744,0.143491589
p.Lys95Arg,1.078787588,0.006157536
p.Thr45Trp,0.612139632,0.143062615
p.Gln50Lys,1.065454806,0.018058938
p.Glu128His,0.86369747,0.088257223
p.Gly34Trp,0.00864088,0.123079259
p.Ala16Val,0.959738432,0.008121407
p.Phe142Met,1.025144898,0.150834163
p.Glu128Gly,0.9510986,0.006208718
p.Asp23Gly,1.036926735,0.008069196
p.Pro44Leu,1.027358881,0.006056998
p.Glu7Arg,0.819692299,0.074852565
p.Glu120Ala,1.213820086,0.018846808
p.Ser39Leu,1.117549241,0.006550822
p.Asp132Lys,0.678164065,0.174992083
p.Ile126Trp,0.557845012,0.059352785
p.Met72Ile,0.958044962,0.011193589
p.Asp21Ile,-0.070726573,0.166532158
p.Met125Phe,0.502563244,0.033009301
p.Glu121Thr,-0.201034527,0.13768313
p.Ala47Val,0.916005557,0.008007973
p.Asp81His,-0.763348396,0.510209116
p.Glu55Ser,1.097199704,0.018051504
p.Met125Arg,0.287707463,0.044973085
p.Thr118Gly,-0.241952169,0.114392116
p.Ala11Ser,0.828358639,0.027256712
p.Asp130Gly,0.867713638,0.006594124
p.Gln4Pro,1.157655069,0.021275246
p.Asn61Glu,0.459213513,0.210739618
p.Leu117Gln,0.616414875,0.024862781
p.Thr45Gln,1.431574644,0.349243628
p.Arg75Ile,1.015846897,0.015205277
p.Ser18Thr,0.891416809,0.025293204
p.Arg87Ala,1.515217099,0.251154622
p.Thr118Leu,0.750449186,0.023680333
p.Glu115Ser,0.45333282,0.064792356
p.Leu113Gly,-0.484626472,0.108238066
p.Gln9Arg,0.997294169,0.007026611
p.Thr80Arg,0.747230402,0.015340927
p.Glu115Met,1.129947822,0.099983691
p.Glu124His,0.472887441,0.124957107
p.Lys95Phe,0.366274569,0.185864928
p.Gly60His,1.595143642,0.249649622
p.Leu113Ser,0.751981593,0.01044839
p.Glu68Ter,-0.166610947,0.071602284
p.Val56Leu,0.979454176,0.011511323
p.Asp94Ile,0.270968874,0.124954918
p.Tyr139His,0.9871494,0.018520976
p.Ala129Pro,1.064535564,0.015088874
p.Thr147Pro,1.007991514,0.01544623
p.Asn61Ser,1.042344168,0.007446266
p.Ala16Gly,0.943187429,0.008918787
p.Gly99His,0.480221787,0.138273817
p.Ala16Arg,0.329445314,0.026785627
p.Phe13=,1.013612841,0.00599604
p.Phe142Gly,-0.135359792,0.142926692
p.Lys14Ala,0.284005656,0.051301234
p.Arg38Val,1.051514195,0.03357139
p.Asp65Ser,1.093936032,0.035545876
p.Asp51Ser,0.915863369,0.083174686
p.Arg127Ter,-0.450458652,0.056954384
p.Phe93Thr,1.20549538,0.260755288
p.Lys14Arg,0.870651037,0.014244474
p.Asp25His,0.618811878,0.033460424
p.Leu5Arg,0.712164082,0.018996367
p.Leu49Ile,0.712400042,0.043701242
p.Arg75Glu,1.155834595,0.027769118
p.Thr147Ile,1.047828175,0.006519322
p.Ile64Ala,0.804367865,0.057773088
p.Glu55Ala,0.794646548,0.023702808
p.Met73Lys,1.109197852,0.010319095
p.Lys22Asn,1.087652974,0.011278543
p.Gly62Ile,0.707840749,0.25837039
p.Thr111Phe,0.5530115,0.073677581
p.Gln9Thr,1.009970759,0.038320272
p.Glu8Leu,1.647830717,0.248937268
p.Arg91Lys,0.363456476,0.123383473
p.Thr35Phe,0.869003266,0.052668155
p.Thr118Trp,0.074609256,0.117721308
p.Asp96Ala,-0.300468661,0.058099248
p.Glu83Thr,-0.113013941,0.139754303
p.Glu141Ile,0.457701843,0.061205124
p.Thr118Pro,0.66501439,0.018694315
p.Glu7Tyr,0.481530638,0.079454896
p.Thr29Trp,0.069626438,0.148999915
p.Glu68Tyr,0.422184078,0.094807392
p.Val92Gly,0.818533237,0.018661675
p.Ala74Phe,-0.024345361,0.118924439
p.Gly34Ter,-0.315012442,0.105745121
p.Thr71Glu,0.129019117,0.124636306
p.Phe17Leu,1.003472573,0.017291905
p.Asp81Glu,1.235655772,0.013834519
p.Leu70=,1.064072499,0.007435884
p.Thr118Asp,1.046386759,0.033843778
p.Ile131Asp,-0.641037231,0.115170541
p.Glu83Leu,0.972743245,0.043509882
p.Glu48Thr,-0.379838543,0.072649586
p.Leu117Glu,0.618589599,0.138223472
p.Gly133Ser,0.017124746,0.094575502
p.Ala16Asn,-0.348954112,0.06093617
p.Ala103Thr,1.027928752,0.008874291
p.Ile131Arg,1.037403965,0.020878597
p.Phe66Asp,-0.220692416,0.082104919
p.Asp96Gln,1.515217099,0.29892186
p.Glu8Gly,1.005739906,0.006680296
p.Ala47Pro,0.612280027,0.047457919
p.Thr30Asp,0.406945303,0.137293605
p.Glu105Tyr,0.530691215,0.154355419
p.Gly26Ala,1.076383093,0.013171654
p.Val56Trp,0.469332918,0.124262984
p.Val137Trp,1.067183993,0.05465993
p.Arg91Pro,0.398182607,0.022613462
p.Thr118Ile,1.015777443,0.019134433
p.Phe17Val,0.860941361,0.023866773
p.Glu7Ser,-0.057097095,0.227033609
p.Met125Trp,-0.250748061,0.101318847
p.Arg38Trp,1.048462485,0.013157847
p.Met110Ile,0.82356212,0.010700217
p.Pro67Ala,0.931991877,0.028769923
p.Arg107=,1.030917733,0.005346621
p.Ile28Arg,1.047808173,0.020131853
p.Phe17Ala,-0.283642908,0.111996662
p.Gly114Arg,0.497359044,0.015424413
p.Glu115Ter,0.289779332,0.026316167
p.Asn98Asp,0.909890988,0.007205437
p.Thr30Met,0.165410925,0.055471552
p.Asn112Ser,1.045398494,0.00506236
p.Gly133Ala,0.865838076,0.02887457
p.Leu40Thr,0.213608494,0.101572979
p.Gln50Leu,1.107452043,0.011585189
p.Ala47Ter,-0.041672822,0.117029186
p.Ala129Ter,0.30886788,0.137234055
p.Glu46Ter,0.177900145,0.041247513
p.Ala103Leu,-0.837743776,0.122807825
p.Lys78Ser,1.087171274,0.03638074
p.Ile10Asn,1.069295787,0.021262695
p.Glu105Ser,0.090555262,0.130398952
p.Asp57Lys,0.780192512,0.034024626
p.Gln136Val,0.40202885,0.096728568
p.Ser102Ala,0.39976885,0.127579507
p.Gln9Ser,0.721650415,0.061483301
p.Ile86Val,0.943051489,0.00803009
p.Gly97=,0.790965724,0.010099439
p.Asp79Asn,0.885326728,0.00909211
p.Gly114Ile,0.711419416,0.184102058
p.Ile64Asn,0.888715469,0.018801739
p.Phe142Ser,-0.281953304,0.023466335
p.Arg75Val,-0.37614552,0.103631561
p.Gly62Thr,-0.139734964,0.100127516
p.Phe13Lys,-0.329352175,0.10493268
p.Ser82Thr,0.352049196,0.06713808
p.Arg87His,0.906730051,0.014836401
p.Met77Ile,0.96856026,0.011681618
p.Leu40Asn,1.341858781,0.017457581
p.Ile86Gly,1.149883367,0.030843238
p.Gly26Asp,0.928406228,0.01178621
p.Phe13Arg,-0.256514796,0.140601109
p.Gly26Arg,1.262011497,0.012206528
p.Glu85Val,0.792504463,0.018039309
p.Thr30Leu,0.634673214,0.038412032
p.Glu128Arg,0.021620848,0.166451315
p.Glu15Arg,0.18391697,0.044415221
p.Met110Ser,0.214829597,0.157793682
p.Glu128Pro,0.218498699,0.123939146
p.Asp79Leu,0.83198247,0.019596557
p.Asp123Asn,1.010848309,0.008822877
p.Arg91Ter,0.007258763,0.014773751
p.Phe66Ala,1.205058069,0.022785939
p.Asp123Arg,0.921226091,0.028000519
p.Asp134Lys,-0.464624374,0.126123993
p.Glu55Arg,1.178422257,0.022264911
p.Thr80Ala,1.080890198,0.006971685
p.Met125Ser,0.364575451,0.037343306
p.Val56=,0.968083771,0.007979927
p.Asp123Leu,-0.387917894,0.132273824
p.Phe69Thr,-0.048148656,0.113592994
p.Ile53Arg,1.059784514,0.034184721
p.Glu84Val,1.035900585,0.012868442
p.Arg91Leu,0.925520135,0.014504221
p.Glu48Ala,0.210366102,0.039075385
p.Thr63Arg,0.884001224,0.039239118
p.Val109Gly,0.453459091,0.016978875
p.Met110Leu,0.985939252,0.011824425
p.Lys116Thr,1.086045999,0.037060967
p.Gly24Lys,1.025724543,0.129406108
p.Glu55Cys,0.206561023,0.069447988
p.Ile86Phe,0.787341498,0.020503634
p.Thr118Glu,0.962901526,0.029743924
p.Glu32Gln,-0.029511544,0.292597741
p.Thr80Pro,1.004669403,0.013321336
p.Glu128Leu,0.521360605,0.06816829
p.Lys22Gln,1.000201505,0.025120489
p.Pro44Ala,1.076649494,0.033097251
p.Ala11Asn,1.079944658,0.046219658
p.Met37Gly,-0.331286111,0.120452923
p.Gly60Lys,1.595143642,0.249649622
p.Met73Val,1.04583881,0.005382566
p.Asp123Ile,1.214625321,0.03924107
p.Ile101Pro,-0.204266573,0.143594711
p.Arg75Thr,0.099347588,0.053714859
p.Arg91Trp,0.2364736,0.202924057
p.Ser82Val,0.788729101,0.136291075
p.Met37Ala,1.280814066,0.034998808
p.Thr29Val,1.376138854,0.027003101
p.Lys116Glu,0.949619433,0.019801392
p.Gly97Met,1.199373348,0.130582728
p.Lys76Thr,0.743474812,0.045917347
p.Asp96Leu,-0.026697993,0.167685767
p.Ala58Ter,0.062954521,0.123321003
p.Glu7Ala,0.578624075,0.029084652
p.Tyr100His,1.069043039,0.0057188
p.Met73Pro,0.571639926,0.109583229
p.Phe20=,1.062129954,0.008097613
p.Gly99Trp,0.732309344,0.053258874
p.Glu85Asp,0.623791673,0.018108595
p.Gly26Asn,0.053675417,0.073713606
p.Asp94Val,0.584137834,0.033367196
p.Phe93His,1.016175578,0.196786844
p.Ser39Val,1.104246332,0.215842285
p.Leu33Gly,-0.540895189,0.069327432
p.Glu15Ile,1.199775165,0.029315958
p.Asp65Val,1.027370714,0.019314815
p.Asp79Arg,0.959677898,0.015354565
p.Lys116Gly,1.225281535,0.025669521
p.Ala148Ser,0.534289451,0.040366374
p.Glu48Arg,0.55307661,0.03709158
p.Thr118Asn,0.686567774,0.030735659
p.Leu5Gly,0.57143512,0.040830072
p.Lys76Met,0.129573585,0.165764961
p.Glu15Cys,0.322733105,0.061357246
p.Thr6Pro,1.047614448,0.028999412
p.Leu40Glu,-0.024963054,0.115868967
p.Leu33Gln,-0.608696856,0.116137935
p.Phe69Gly,-0.382222901,0.109716595
p.Met145Ala,1.026097075,0.029246436
p.Asp132Leu,-0.399915242,0.163210796
p.Gly135Ile,0.169886442,0.133825591
p.Leu113Gln,-0.022654627,0.06200677
p.Thr30Ter,-0.266234047,0.191658686
p.Ala74Gly,1.094647783,0.029904655
p.Glu68Gly,0.992071048,0.006417365
p.Lys95=,0.891063825,0.010340993
p.Met37Glu,-0.220075054,0.1375716
p.Ser102Ile,0.536246047,0.025961804
p.Lys78Asn,0.54831832,0.016995566
p.Leu113Tyr,0.287738264,0.076163515
p.Glu124Pro,-0.174260596,0.131523257
p.Gly41Met,1.483253938,0.251883305
p.Glu32Ter,-0.839508499,0.268116375
p.Ser39=,0.9055125,0.005934885
p.Lys95Glu,0.924972278,0.006845785
p.Gly133Asn,0.872930512,0.053423097
p.Asp51Ile,0.77382093,0.192900579
p.Thr45=,1.023734023,0.006263703
p.Glu84Ter,-0.15698211,0.054613224
p.Ile126Thr,0.936374869,0.006442446
p.Lys22Ile,0.984923761,0.020154382
p.Lys22Ter,-0.030238516,0.027150482
p.Met145Val,0.906163362,0.008719967
p.Lys78Gly,0.9589221,0.021256647
p.Phe66Val,0.999496527,0.017446423
p.Ile10Leu,0.980438658,0.029419669
p.Val137Asn,0.672914947,0.127998606
p.Thr35Val,-0.026405525,0.157966356
p.Glu85Phe,0.029304405,0.069917565
p.Leu70Ala,0.624013977,0.035728519
p.Tyr100Phe,0.783036649,0.024442097
p.Ile126=,1.05178804,0.004372932
p.Asp3Ile,-0.426121404,0.118168876
p.Phe20Gln,0.911124448,0.080790611
p.Glu85Ser,-0.485420279,0.07308859
p.Glu140Lys,0.910448452,0.011378048
p.Lys22Arg,1.07818101,0.011584486
p.Gly24Arg,0.914055552,0.025562533
p.Asp59Ser,0.721992307,0.133396471
p.Gly97Val,0.689018834,0.023980911
p.Gly99Glu,-0.09078977,0.142568294
p.Arg127Ala,-0.118859228,0.117578691
p.Thr27Asn,1.045551651,0.014668459
p.Ala104Gly,1.001229421,0.025080891
p.Ala2Asp,1.119239345,0.014816927
p.Glu15Ter,-0.167882094,0.18010234
p.Asn138Tyr,1.218101919,0.009664731
p.Phe90Ile,0.690601885,0.020973863
p.Leu33Thr,1.09008479,0.044886926
p.Glu46Thr,0.054785652,0.11480241
p.Glu48Gly,1.080442396,0.015288434
p.Glu55=,0.934365766,0.005915309
p.Met73Leu,0.87858223,0.012497864
p.Met52Leu,0.905133874,0.012894146
p.Thr6Ter,-0.304732063,0.156689943
p.Leu40Arg,0.66982079,0.016608813
p.Leu49=,0.855134787,0.007563432
p.Val56Ile,0.454096333,0.161538954
p.Thr63Val,0.800420355,0.042265095
p.Gly60Val,0.212503362,0.078795487
p.Val92Leu,1.070553762,0.022668016
p.Glu121Ter,-0.268833181,0.052931167
p.Ala74=,0.930658211,0.008710666
p.Val137Asp,0.227753975,0.096022915
p.Gly24Val,0.9620814,0.01575868
p.Leu40Ter,-0.653244954,0.073964816
p.Glu124Ser,0.853829477,0.060475916
p.Tyr139Arg,0.029682259,0.07834524
p.Lys14Gly,-0.649150037,0.126566308
p.Asp132Val,0.812210122,0.019350617
p.Glu83Phe,0.091063972,0.177240774
p.Pro44Gly,-0.063939168,0.14205266
p.Lys76Arg,1.004250571,0.009433981
p.Met72Glu,0.048167789,0.104782286
p.Glu83Gln,0.215595346,0.036399546
p.Gln4Arg,1.005271838,0.00667926
p.Arg127Trp,0.838700882,0.050461483
p.Asp123Trp,0.703053746,0.044460245
p.Thr111Leu,0.905428547,0.033058156
p.Glu124Val,1.008496068,0.016269672
p.Glu140Ala,0.983532316,0.025486449
p.Val122Phe,0.050611762,0.065882471
p.Lys76Ile,0.869752363,0.027973602
p.Tyr139Ser,0.332952335,0.045420902
p.Asp65Arg,-0.068332824,0.09207213
p.His108Cys,0.189638029,0.089093238
p.Ala2Ser,0.927046027,0.017571695
p.Gly34Ile,0.069185486,0.076565085
p.Pro44Thr,1.018712821,0.020219053
p.Glu115His,1.015584527,0.033738032
p.Ser39Pro,1.019334044,0.005711339
p.Thr35Ala,0.961620528,0.005793301
p.Ala104Ser,0.932555878,0.015231316
p.Gln42=,0.809613883,0.013875271
p.Asp65Pro,1.147007108,0.025328594
p.Glu84Trp,0.127912241,0.132804319
p.Met77Val,0.973778489,0.009352455
p.Phe17Ter,0.124866743,0.129017256
p.Met52Gln,-0.182330767,0.139459897
p.Leu49Arg,1.141966549,0.024214354
p.Asp57Tyr,0.922740278,0.016774618
p.Lys78Pro,-0.291951203,0.141107331
p.Ile53Leu,1.229438764,0.023042998
p.Asp59Val,0.827261255,0.018464983
p.Thr6Phe,0.435650389,0.131197778
p.Phe142Leu,0.572359166,0.013571316
p.Gly99Ser,1.136242198,0.011474314
p.Glu141Met,0.463756048,0.070823673
p.Asp132Arg,0.193259314,0.164851511
p.Glu128Trp,0.79272853,0.155982921
p.Phe13Ser,0.913726381,0.00793801
p.Asp23Thr,-0.339928363,0.10775463
p.Val122Arg,0.339131787,0.051171297
p.Gly24His,0.573465591,0.12802499
p.Gln42Glu,0.421273828,0.127576882
p.Thr80Ser,0.911432767,0.019803904
p.Asp123Glu,0.801151338,0.029703852
p.Ser102Pro,0.688038796,0.059767765
p.Ile86Cys,0.529331818,0.14854638
p.Glu141Thr,1.551637747,0.25041001
p.Met73Gln,0.52662537,0.128390178
p.Ile126Lys,-0.293307833,0.202159616
p.Glu46Ile,1.201696591,0.053175991
p.Asp51Ter,0.696921188,0.123985722
p.Asp134Tyr,0.260709167,0.021950366
p.Asp23Leu,-0.647385114,0.102085363
p.Asp21Gly,0.978000179,0.01095839
p.Glu15Pro,0.03458784,0.063197454
p.Ala89Ter,0.293304828,0.092652304
p.Gly62Asp,0.905729613,0.015017973
p.Leu117Cys,0.415162089,0.044662144
p.Ala129Tyr,0.185510188,0.131807113
p.Ala129Arg,0.58758639,0.072322431
p.Ile10Pro,1.215658531,0.038387407
p.Ala129Lys,1.191081635,0.035015284
p.Glu15Gly,0.964506818,0.006570028
p.Thr45Arg,0.963170421,0.024268798
p.Glu46Asp,0.827379609,0.015888141
p.Asn98Leu,0.636998008,0.167273331
p.Gly41Tyr,-0.444814934,0.117175018
p.His108Met,1.138453604,0.263521791
p.Thr35=,1.096951614,0.005528548
p.Asp23Arg,0.722607687,0.069443482
p.Arg75Gly,1.069753223,0.006167222
p.Val36Thr,1.223828529,0.029601206
p.Met146Ala,0.630756023,0.06301002
p.Leu49Ser,0.867896011,0.008299056
p.Leu117Ter,-0.149684501,0.060325338
p.Asp94Pro,-0.115661575,0.132276272
p.Asn43Tyr,1.019214846,0.014204885
p.Glu68Thr,0.884141295,0.064802186
p.Leu117Ser,0.994384814,0.020576241
p.Lys14Cys,-0.153495968,0.135721389
p.Leu113Arg,-0.177667913,0.062580546
p.Asp81Lys,0.168679696,0.144981949
p.Gly114Pro,0.44675295,0.128173164
p.Thr27Val,0.677426711,0.061954162
p.Ile131Leu,0.993733551,0.014190779
p.Leu117Phe,0.531437538,0.03870999
p.Asp21Gln,0.739673027,0.062127315
p.Lys14Leu,-0.644111964,0.085456254
p.Arg38Leu,0.558315437,0.09833294
p.Leu5Lys,0.886289962,0.038551192
p.Val36Tyr,-0.490078223,0.285352133
p.Gly133Lys,0.829679963,0.021788298
p.Ser39Glu,0.219946105,0.148453223
p.Ser18Leu,1.082656594,0.018736949
p.Glu121His,0.437414008,0.138152285
p.Glu84His,0.005102281,0.116422809
p.Phe13Cys,0.96546614,0.014647047
p.Met52Glu,0.566589885,0.03008268
p.Asn43Asp,0.92905949,0.006648557
p.Gly34Val,0.417809759,0.023200534
p.Arg91Ile,0.194380733,0.122833823
p.Asp79Cys,1.189918323,0.018688822
p.Met52Val,0.930999483,0.011554004
p.Met52Asn,1.209078302,0.031775309
p.Lys31Ser,0.508656891,0.030438648
p.Met73Thr,1.080233064,0.005523061
p.Asn138Ile,1.041982255,0.012685254
p.Val36Arg,-0.198655419,0.116691494
p.Arg107Cys,0.935214493,0.012196988
p.Glu115Thr,0.234526645,0.066107496
p.Asp119Cys,1.278124556,0.022152318
p.Gly26Val,0.932983124,0.015776931
p.Asp79Lys,0.760907834,0.025807074
p.Thr71=,1.109413941,0.005133654
p.Arg107Asp,0.185510188,0.122215894
p.Ser18Val,0.815744261,0.058664464
p.Ala58Phe,0.375264514,0.121155752
p.Ala148Pro,0.659227509,0.028115993
p.Gln42Lys,0.461269346,0.034851809
p.Val36Phe,1.054083203,0.021308598
p.Glu120Val,0.968450579,0.017914363
p.Phe93Ser,-0.092878811,0.019824085
p.Thr27Arg,0.945059718,0.01913388
p.Val92Ala,1.002199748,0.006555952
p.Asn98Ter,0.889651629,0.128709049
p.Arg87Gly,0.496686994,0.059308253
p.Leu106=,1.031381043,0.004693312
p.Glu124Trp,0.859339656,0.140448683
p.Thr30Cys,-0.22779622,0.131605322
p.Glu105Ter,-0.384019284,0.036219698
p.Phe66His,0.296751758,0.082475671
p.Glu12Tyr,-0.003148737,0.11288575
p.Asp57Val,0.879303663,0.01383574
p.Glu124Ile,0.855258397,0.057491498
p.Ala104Val,0.90666039,0.009998141
p.Asp57Ter,0.530425452,0.052860121
p.Asp132Thr,0.189153274,0.152138442
p.Gly133Phe,0.34013412,0.124602051
p.Glu140Gln,1.034476996,0.026175313
p.Asp119Glu,1.17047055,0.013086279
p.Arg75Met,1.124396266,0.053487385
p.Met73Ile,0.941166801,0.009390275
p.Gly114Leu,0.602056073,0.036729116
p.Ile126Pro,-0.279266191,0.18687407
p.Ile53Asp,0.501367841,0.126409352
p.Glu141Asp,0.914421224,0.018441831
p.Gln50Val,0.167428859,0.219482716
p.Met77Phe,0.525278268,0.152304436
p.Glu121Asn,-0.155739779,0.089622797
p.Arg87Glu,1.193334061,0.261239511
p.Thr35Lys,-0.153306298,0.11138398
p.Asp79Ile,0.556981775,0.029680658
p.Asp79Val,0.78033276,0.011822067
p.Thr80Asp,0.622930427,0.050576809
p.Gly60Ser,1.089159645,0.011708613
p.Glu83Ser,-0.389277005,0.113417772
p.Glu8Thr,0.776808419,0.16254798
p.Thr29Arg,0.326271489,0.083990298
p.Arg75Lys,0.990744392,0.010139244
p.Gln9Lys,0.848612937,0.018707032
p.Thr63Phe,0.5092843,0.050104945
p.Asn54Ala,-0.779974458,0.093372472
p.His108Tyr,1.043716723,0.005279605
p.Val36Ser,0.61682598,0.144523467
p.Met37Thr,0.94022261,0.007763166
p.Val137=,1.037047814,0.005577186
p.Arg127Glu,-0.164927902,0.132260331
p.Thr27Ser,0.953108056,0.009988011
p.Lys149Ala,0.932194309,0.273558371
p.Asn138Arg,0.036357504,0.095610085
p.Ser39Gln,1.483253938,0.251883305
p.Val122Leu,0.792243537,0.013565986
p.Asp119Thr,1.280714937,0.021837181
p.Thr111Gly,0.452863016,0.03709434
p.Glu48Met,1.212301923,0.026377957
p.Asn61Met,0.164384942,0.163364005
p.Lys14Asp,1.025035346,0.032852416
p.Leu106Asn,0.574324555,0.135848761
p.Pro44Ter,-0.386566715,0.051060789
p.Asp25Ala,1.124759305,0.021625891
p.Phe20Val,1.274549844,0.014627975
p.Glu84Thr,-0.104221422,0.125170312
p.Lys22Tyr,0.509663013,0.046309171
p.Met146Lys,0.423584394,0.042711938
p.Pro44=,1.069852825,0.006006477
p.Leu49Val,1.129924415,0.014429196
p.Ile28Ala,0.171098881,0.078090665
p.Ile10Lys,-0.355096116,0.107136181
p.Ile64Cys,1.063755924,0.133843374
p.His108Phe,1.137038139,0.030726936
p.Ala16Thr,0.913007449,0.01074377
p.Val109Ile,0.885322975,0.023654049
p.Leu5=,1.00835336,0.017264613
p.Phe93Cys,0.27098888,0.040290038
p.Thr63Ser,0.564982071,0.046019319
p.Leu49Thr,0.056755502,0.127887617
p.Gly135Ser,1.166714286,0.032432454
p.Lys95Leu,0.218931949,0.130857068
p.Asp130Ser,0.838552027,0.033520645
p.Leu33Phe,1.10679685,0.006509662
p.Leu19Gly,0.306572982,0.120133586
p.Met110Ala,1.014469722,0.037187095
p.Asp130Ala,0.157846859,0.031052716
p.Asp130Val,0.963406593,0.011840623
p.Arg87Ser,0.665806142,0.024841327
p.Gly41Ser,0.928095747,0.009388485
p.Asn61Leu,0.205134443,0.060585549
p.Asp94Asn,0.961105205,0.014046638
p.Ile64Gly,0.77382093,0.192900579
p.Pro67Ser,0.927240143,0.006699906
p.Val137Phe,0.70704554,0.015900015
p.Thr80Val,0.496435819,0.038701266
p.Ala2=,1.04594811,0.015889764
p.Lys14Ile,-0.631451898,0.123057663
p.Thr63Ala,0.908306167,0.009424252
p.Leu113Phe,0.983764043,0.009093009
p.Lys76Leu,0.145124103,0.096372942
p.Ile64=,1.110960952,0.005495582
p.Thr63Gly,0.953736669,0.045201586
p.Glu141Gln,0.134548476,0.081947729
p.Arg107Leu,1.054975043,0.010447517
p.Glu105Gly,0.984717336,0.018232483
p.Glu88Ala,0.680642796,0.032583054
p.Asn54His,0.750858805,0.022325341
p.Lys78=,0.949551196,0.007123234
p.Leu40Pro,0.698395971,0.01807347
p.Glu68Trp,0.686736623,0.084856868
p.Asp130Tyr,0.783541739,0.015284945
p.Phe13Leu,0.976987473,0.006713414
p.Val122=,1.038554938,0.006016505
p.Thr45Gly,0.245903617,0.060897738
p.Gly26Glu,0.139905398,0.134767802
p.Asp65Leu,0.531674047,0.074823864
p.Asp94Arg,-0.192808284,0.078981031
p.Lys78Thr,0.878695076,0.024886099
p.Glu124Thr,1.245768455,0.026350115
p.Val109His,1.021141135,0.176389471
p.Gly24Trp,0.845434768,0.127421898
p.Asp25Ile,0.53571305,0.149580314
p.Asp132Asn,0.847113237,0.013451951
p.Gln42Arg,1.044506568,0.006004717
p.Leu5Pro,0.950097802,0.005772437
p.Glu85Leu,0.442730581,0.029727224
p.Lys31Ile,1.011977251,0.025097193
p.Arg127Leu,1.109970678,0.019882982
p.Glu85Asn,0.883531493,0.059644102
p.Leu19Trp,1.153386606,0.140678461
p.Asp25Tyr,-0.151068976,0.11206957
p.Asp3Pro,0.787552907,0.063894779
p.Glu140Leu,0.013785867,0.156249949
p.Arg38Cys,0.731041635,0.058749756
p.Asp79Gln,0.647334549,0.028013671
p.Leu49Tyr,1.27561533,0.054784849
p.Thr111Arg,-0.258539236,0.301248526
p.Gln136His,0.817513229,0.02848535
p.Arg87Ter,0.712034923,0.116836296
p.Val109=,0.93280162,0.005736056
p.Met37Leu,0.904245319,0.011924793
p.Ala129=,0.998650362,0.004776879
p.Tyr100Ter,0.318833219,0.046623462
p.Ile86Thr,1.027067456,0.008797268
p.Ala89Thr,0.629409943,0.013207136
p.Gly34Glu,0.953320726,0.011137447
p.Lys78Tyr,0.881773015,0.048535894
p.Ala104Met,1.020229128,0.141809886
p.Gly135Thr,0.165145866,0.143388842
p.Ala89Lys,-0.009457808,0.150262674
p.Arg75Phe,0.52662537,0.124617929
p.Glu105Ala,1.11041306,0.01552196
p.Phe93Gly,0.527976545,0.127429915
p.Asn43Ile,1.094905108,0.011348905
p.Met125Val,0.978002508,0.00662904
p.Lys78Cys,1.070316748,0.028428381
p.Met110Ter,0.345117748,0.148287408
p.Phe69Arg,-0.211368545,0.094882334
p.Asp65=,1.015967923,0.005454597
p.Ser102Asn,1.077679011,0.010459953
p.Leu117Gly,0.650154763,0.049351098
p.Glu7Pro,-0.034537006,0.203977911
p.Ala47Asp,0.785185679,0.031526771
p.Lys149Tyr,1.189532522,0.273369222
p.Met145Gln,1.094513325,0.040487194
p.Gly62Pro,-0.107010656,0.128015859
p.Leu106Arg,-0.434682393,0.052027933
p.Thr80Phe,0.254935123,0.080577623
p.Gln9Asp,0.541908166,0.049696935
p.Gly34Leu,0.941225905,0.072238638
p.Leu70Ter,0.05021254,0.037103521
p.Arg127Pro,-0.114949279,0.10497158
p.Thr29Ter,0.776808419,0.16254798
p.Glu120Ter,0.264171847,0.027419975
p.Arg107Val,0.408910899,0.090633643
p.Glu68Arg,-0.355429704,0.131494596
p.Asp3Glu,0.993721022,0.010729754
p.Gly24=,1.051897145,0.015857887
p.His108Pro,0.817048155,0.021405802
p.Asp94Trp,0.030545305,0.121427389
p.Gln4Asn,1.332799299,0.256156825
p.Leu33Lys,-0.646777987,0.100352213
p.Gly99Ile,-0.407611383,0.198753367
p.Val36Cys,0.66187978,0.186143966
p.Glu141Phe,-0.272112529,0.111643773
p.Asp130Gln,0.413497169,0.050352571
p.Ile64Leu,0.775499486,0.035742392
p.Glu7Phe,1.008653984,0.064748989
p.Ser102Gly,0.941762738,0.007927243
p.Ile101Met,-0.002673373,0.172410112
p.Asn112Tyr,0.840822284,0.027716909
p.Glu48Cys,0.618799931,0.054241393
p.Val122Ser,1.267787302,0.023982958
p.Ala74Tyr,1.50305578,0.251423834
p.Lys95Ter,-0.064792213,0.035759823
p.Thr63Pro,1.026919782,0.022617945
p.Met125Thr,0.825050284,0.010043913
p.Glu46Ala,0.857672908,0.022462326
p.Ser102Met,0.383644262,0.082679097
p.Ala2Thr,0.993305462,0.010074069
p.Phe66Glu,-0.253952227,0.123409101
p.Ile53Ser,0.528923575,0.04124225
p.Ile64Tyr,1.045467116,0.065091673
p.Lys31Trp,0.870470511,0.027011875
p.Tyr139Gly,-0.419597493,0.14338956
p.Lys14Gln,0.732531716,0.019625327
p.Lys31His,1.160419389,0.022156738
p.Val122Gly,1.011248794,0.014213219
p.Thr45Ser,0.904144497,0.014437383
p.Asp130His,0.664473409,0.018601325
p.Glu15Leu,1.200325101,0.038414937
p.Ala11=,0.953678426,0.007053117
p.Thr6=,0.98164218,0.00631287
p.Phe17Ser,0.685168704,0.008221621
p.Gly34=,0.989208568,0.017890049
p.Asp51Leu,0.041666503,0.08965419
p.Arg87=,0.988004225,0.006775086
p.Glu48Gln,0.303000881,0.046239407
p.Thr111Ser,0.725564692,0.021438473
p.Asn138Cys,1.235645944,0.039996133
p.Asp81Val,1.176392655,0.023980924
p.Glu48Ile,0.75618597,0.040413254
p.Ile28Phe,1.074938985,0.018512677
p.Asp65Cys,1.255152374,0.023630603
p.Gln136Leu,0.929566254,0.016223339
p.Arg75Pro,0.830516026,0.043856016
p.Met110Thr,0.904078246,0.006736063
p.Met110Val,0.900237165,0.006865522
p.Glu141Ala,0.078980758,0.091192064
p.Leu40Ile,1.280703191,0.027408087
p.Ala148Thr,1.078212983,0.015836372
p.Thr111Glu,1.169287603,0.037869957
p.Ala58Ser,0.695374492,0.021402897
p.Glu124=,1.081857862,0.008624027
p.Glu32Trp,0.77529009,0.131621284
p.Tyr139Ala,-0.175685628,0.126818338
p.Val56Tyr,-0.086752634,0.163711466
p.Glu120Leu,0.876475371,0.029890182
p.Gly114=,1.033677516,0.005403353
p.Val143Thr,-0.410625182,0.093059653
p.Asp134Gly,0.960956438,0.004880238
p.Gln144Val,0.666699001,0.053929004
p.Arg91Tyr,1.50305578,0.251423834
p.Asn98His,0.893343257,0.032143445
p.Glu32Gly,1.025671139,0.00567154
p.Val137Ter,0.859339656,0.140448683
p.Lys95Tyr,0.195022602,0.124082106
p.Glu15His,0.909495798,0.066160759
p.Ser39Ala,0.88167049,0.01616215
p.Thr80Ter,0.097800895,0.07137256
p.Leu117Thr,0.089042624,0.120790765
p.Thr29Gly,-0.323783982,0.112604403
p.Leu49Phe,0.983568797,0.02052631
p.Glu128Met,1.342386233,0.132381984
p.Asp79Tyr,0.918123726,0.011503268
p.Asp119Ala,1.24227938,0.010433129
p.Asp81Ala,1.137668941,0.02108638
p.Thr27Phe,0.195860417,0.087421371
p.Lys31Asn,0.936371887,0.012400004
p.Glu55Gln,0.894600726,0.030218892
p.Ile131Ter,-0.501380968,0.122651919
p.Lys116Val,0.835076903,0.031831408
p.Met146Val,1.027392615,0.006495154
p.Glu15Thr,0.147364713,0.106153364
p.Thr147Ser,1.00015883,0.01392781
p.Glu141Ser,0.534247588,0.158617297
p.Asn138Ser,1.086084935,0.006237292
p.Glu121Lys,0.740584687,0.009952772
p.Leu33Arg,0.249647221,0.028302903
p.Glu15Ala,0.677078585,0.020635059
p.Gly41=,1.046149537,0.006043486
p.Thr147Phe,0.356813559,0.179851425
p.Phe66Cys,1.087793916,0.014739456
p.Phe17Thr,-0.266528638,0.118238731
p.Ala74Pro,0.770275902,0.018547156
p.Asp65Lys,0.607315166,0.049067826
p.Asp94Glu,0.144702312,0.069076271
p.Asp21Ser,0.887364565,0.035211993
p.Phe93Leu,0.986955517,0.006044437
p.Glu128Thr,0.507800905,0.12459725
p.Val109Ala,0.990387101,0.010387786
p.Phe93Ile,0.14715651,0.061600397
p.Ala104=,1.065487954,0.005643468
p.Ile86Arg,0.193661005,0.225071086
p.Leu70Thr,-0.173554306,0.126963657
p.Phe93Pro,0.128465336,0.124888789
p.Tyr139Ile,0.119769671,0.113324263
p.Ile53Gly,0.296818801,0.124580676
p.Ile126Leu,0.90559167,0.023011667
p.Arg107Ala,1.153495465,0.146487648
p.Thr29Asp,0.083534192,0.136818607
p.Lys22Asp,0.202979484,0.074102374
p.Tyr139Lys,0.302717362,0.087791598
p.Thr118Ser,0.948218831,0.021052491
p.Tyr139Cys,0.833195226,0.010509871
p.Glu105=,1.043615076,0.005858586
p.Ile28Asp,1.647830717,0.197528376
p.Ala104Leu,0.52109426,0.049485012
p.Gly34Asp,0.019631145,0.11446412
p.Phe142Cys,0.062934348,0.033037374
p.Gly135Asp,0.416148961,0.128371721
p.Glu8Ter,-0.409969203,0.102183057
p.Glu12Arg,0.141299264,0.067994495
p.Leu117Pro,0.765361052,0.009839081
p.Glu141Asn,-0.124944095,0.11390948
p.Thr118Ter,0.307208266,0.044039589
p.Lys116Ser,0.640343974,0.031521123
p.Leu40Ala,1.30245282,0.020428805
p.Arg87Cys,0.987929302,0.00657318
p.Asn54Glu,0.284269955,0.059775489
p.Glu7Ter,-1.028069289,0.343705591
p.Ala58Gly,0.652337624,0.022687961
p.Pro44Val,1.206586856,0.025454136
p.Ile131Ser,0.756574789,0.023421159
p.Ser102His,0.859936116,0.094566334
p.Asp96=,1.100733426,0.006560454
p.Thr27Ala,1.020164418,0.01102343
p.Gln42Ter,-0.250994415,0.016952409
p.Thr6Arg,-0.0557192,0.11194973
p.Ser18Glu,0.329352864,0.122530931
p.Asp21Leu,0.955998967,0.029421315
p.Ile10Thr,0.927490177,0.007542165
p.Glu120Asp,0.843075483,0.016675609
p.Gln144Gly,0.814663743,0.076857821
p.Asp94Ser,-0.347028015,0.157739382
p.Met125Gly,0.639167304,0.031566794
p.Phe90Cys,0.444463612,0.028266671
p.Asp21Thr,-0.334797961,0.105181561
p.Thr30Ala,1.056290507,0.005800172
p.Gly62Tyr,-0.127698364,0.117427693
p.Asn98Pro,0.192460641,0.125918698
p.Leu33Tyr,0.51858686,0.028229043
p.Leu106Pro,-0.206537539,0.021962114
p.Gly34Arg,1.029797949,0.010098304
p.Asp134Leu,0.290601492,0.12334651
p.Gly135Gln,0.172987634,0.138826357
p.Val137Glu,-0.078647948,0.114474211
p.Phe90Met,0.438187055,0.125270321
p.Gln136Glu,1.010842898,0.051652949
p.Ser82Arg,1.002894093,0.012359069
p.Gln9Pro,0.421104135,0.028941505
p.Met52Arg,0.716657351,0.017010856
p.Ala129Trp,0.292824973,0.119794453
p.Asp119Gly,0.985160136,0.00558095
p.Asn54Arg,0.45500304,0.035174996
p.Phe142Ile,0.017605934,0.038801414
p.Leu113His,-0.052162784,0.085366109
p.Gly135Lys,0.577189565,0.030909635
p.Asp94=,0.530169512,0.023576154
p.Ala16His,0.057539678,0.082968485
p.Gly99Arg,0.873785951,0.027410718
p.Arg107Asn,-0.247642512,0.116259756
p.Val92=,1.028105859,0.004329243
p.Ala58Thr,1.045210108,0.010528199
p.Lys14Ter,-0.054635321,0.180989482
p.Gly62Glu,1.156478656,0.058691339
p.Arg75=,1.025901444,0.005983888
p.Ala89Gly,-0.597038193,1.31400164
p.Asn112Thr,0.980560631,0.017346642
p.Lys116Arg,1.015236724,0.007354097
p.Met145Asn,1.49925424,0.251510032
p.Gly60Asp,1.110988514,0.015614319
p.Gly97Leu,-0.348093736,0.180650745
p.Phe17Ile,0.924762308,0.026806852
p.Phe90Val,-0.119284008,0.047199961
p.Glu128Ter,-0.02114018,0.034936162
p.Ile101Arg,-0.429982,0.073647754
p.Ala11Thr,1.051297773,0.008472631
p.Val137Lys,0.091877,0.116480228
p.Arg107Gly,1.085213186,0.020412949
p.Gly99Tyr,0.871117343,0.048485702
p.Gln144Ala,-0.279593112,0.152524558
p.Glu12Ser,0.4984492,0.129640947
p.Ala103=,1.015472071,0.005255782
p.Thr29Asn,-0.274270304,0.204207723
p.Tyr100Ala,0.622762166,0.046301286
p.Asp130Trp,-0.575376042,0.128022142
p.Phe20Cys,1.048010802,0.019159878
p.Asp94Phe,0.124054077,0.134800085
p.Leu49Glu,1.253190533,0.037256451
p.Asn54Lys,0.778635042,0.021034228
p.Leu117Asn,-0.003238391,0.119584871
p.Gly34Cys,1.034078622,0.031998931
p.Ala47=,1.018749754,0.006126328
p.Phe20Leu,0.989596512,0.009677009
p.Ala104Arg,0.857698965,0.055469311
p.Thr111=,0.9406488,0.006321992
p.Phe90Pro,0.127912241,0.116381447
p.Gly62=,0.934977211,0.020634655
p.Asp123Val,0.605292847,0.01994103
p.Val143Leu,0.969476347,0.011193405
p.Glu32Cys,0.926547699,0.133369688
p.Gly99Pro,-0.365638075,0.11224537
p.Ser18Gly,-0.085058456,0.121081829
p.Asp132Ter,-0.34421591,0.107251227
p.Asp51Trp,-0.038399367,0.117893004
p.Asp59Tyr,0.757644208,0.031611577
p.Lys95Thr,0.413954805,0.03008198
p.Ala129Ser,1.005706105,0.013590255
p.Thr45Ter,-0.229255438,0.096817039
p.Ile10Tyr,-0.024317293,0.18076483
p.Tyr100Ser,0.663348424,0.025534765
p.Ser39Ter,0.301134861,0.038648937
p.Asp3Arg,1.370953828,0.017794592
p.Leu70Phe,0.594243318,0.045051843
p.Thr71Val,0.564197121,0.076701667
p.Glu55Thr,-0.760374743,0.09270757
p.Gly99Cys,0.982943128,0.011440362
p.Glu83Asp,0.639962124,0.01848036
p.Leu40His,1.253174597,0.03212784
p.Asn138Thr,0.692762045,0.017125483
p.Gln42Ala,-0.159013499,0.1253533
p.Asp96Val,0.821415666,0.018890344
p.Ile28Met,1.19296223,0.012796622
p.Val137Gly,0.293959034,0.018133599
p.Lys31Ala,0.624640197,0.058021303
p.Asp134Asn,1.047868683,0.01029113
p.Glu124Asp,0.606345407,0.016858364
p.Glu55His,1.080317576,0.035462173
p.Asn112Ile,0.933924642,0.019807247
p.Phe17Asn,0.020190229,0.120864749
p.Met146Ser,0.338045323,0.133345171
p.Gly26Ser,0.887590729,0.01015348
p.Glu121Met,-0.198072337,0.160750855
p.Asp25Gly,0.979847298,0.007461386
p.Thr45Cys,0.10413149,0.131986687
p.Lys31Gln,0.990711507,0.024048852
p.Ile28Val,0.864092096,0.0095686
p.Phe17Cys,-0.249955584,0.056931378
p.Leu113Asn,0.120997024,0.069675488
p.Glu105Arg,0.437081548,0.124718401
p.Asp3Gly,0.936525046,0.008512626
p.Ser82Ala,1.188928825,0.021890402
p.Leu70His,-0.238385865,0.107534946
p.Ser82Gly,1.089598754,0.008836344
p.Met146Ile,0.850876039,0.009925151
p.Val137Leu,0.202961706,0.068367291
p.Ile28Ser,0.781503547,0.019055056
p.Thr27Tyr,0.080827377,0.055491165
p.Gly114Gln,0.049959335,0.170062514
p.Asp59Trp,0.23804792,0.134120253
p.Glu68Ala,1.202094805,0.020366554
p.Phe20Gly,0.4984492,0.136615741
p.Phe13Val,1.08848507,0.015120977
p.Gly114Lys,0.171395856,0.029704102
p.Arg87Trp,1.245259466,0.058688929
p.Asn43Glu,0.289915608,0.170422397
p.Phe66Trp,-0.023633594,0.081408798
p.Gln9Ala,-0.295314026,0.109929981
p.Ser82Cys,1.224516112,0.010235323
p.Met145Thr,0.974154516,0.007350765
p.Leu106Gln,0.221968705,0.032521637
p.Thr71Pro,1.073323138,0.013267784
p.Val122Met,1.121889005,0.026762539
p.Phe93Met,0.298641027,0.122739964
p.Asp25=,0.982930308,0.006462892
p.Ala89Val,0.871937796,0.009336589
p.Asp65His,0.173803182,0.038189017
p.Asp119Arg,0.894322403,0.052310911
p.Leu5Ile,0.159459179,0.060734945
p.Glu32Phe,0.716002824,0.126914122
p.Asp51Arg,0.442647112,0.160817075
p.Gln144Met,-0.107604504,0.115988392
p.Ile101Cys,1.209770974,0.030680643
p.Leu33Pro,0.84227052,0.00766483
p.Phe69Asp,0.585951935,0.171979315
p.Glu12Asp,1.048695403,0.010411794
p.Glu55Gly,1.021548129,0.006032203
p.Thr80=,0.974318542,0.005358098
p.Glu140Arg,0.052956878,0.116834669
p.Val56Ala,0.988108773,0.008847323
p.Phe69Ile,0.323273362,0.044517393
p.Met73Ser,-0.139185245,0.08222678
p.Leu5Gln,0.809127394,0.02910928
p.Arg38Ala,0.380418908,0.055831991
p.Gly26His,0.189952782,0.132513857
p.Asn43Ala,0.518104251,0.149220537
p.Pro44Ile,0.419014086,0.064580198
p.Asp132Tyr,0.717991796,0.021312301
p.Ala74Met,0.57992991,0.131576338
p.Thr71Ile,1.025914886,0.00537653
p.Glu12Ala,1.244566161,0.019292406
p.Met146Phe,1.49925424,0.251510032
p.Lys14Asn,0.809553547,0.027311997
p.Lys95Val,0.24111608,0.080332851
p.Glu32Tyr,-0.198547533,0.116739144
p.Lys149Gln,0.434822815,0.067927142
p.Met77Trp,0.793606651,0.192418255
p.Thr111Val,-0.307275648,0.081498571
p.Met77Arg,1.019826238,0.017501397
p.Glu46Val,0.953004222,0.01233351
p.Asp134Ile,-0.021332699,0.117649704
p.Met72Val,1.091625056,0.009820151
p.Lys22Glu,1.03351278,0.007242088
p.Asp134Pro,0.843773746,0.154132835
p.Lys22Met,0.445294975,0.047279631
p.Lys78Asp,0.645063918,0.05683521
p.Thr63Leu,0.553347375,0.02760646
p.Tyr100Ile,0.674687905,0.057191567
p.Thr147Val,1.327213524,0.069196288
p.Glu85Gly,0.924609167,0.008212601
p.Glu84Asp,1.068249487,0.013468795
p.Phe69Ala,0.416184169,0.143048269
p.Ala58Gln,-0.107010656,0.110968438
p.Glu140His,0.506394728,0.153019639
p.Asp130Leu,0.216618072,0.034216614
p.Thr63Asn,0.44552623,0.042872697
p.Asn54Phe,0.23804792,0.13464261
p.Phe69Glu,0.495837905,0.147890898
p.Ile101Gly,0.035278574,0.118615902
p.Pro44Ser,0.957588909,0.006378499
p.Asp132His,-0.186921975,0.15354744
p.Lys76Pro,1.209563152,0.043479571
p.Thr147Ala,1.007706943,0.007669873
p.Gln42Asp,-0.096038958,0.140316495
p.Phe20Ser,0.913560424,0.01514985
p.Leu40=,0.9396076,0.006142059
p.Lys95Pro,-0.161022754,0.109146652
p.Ala58Ile,0.021589454,0.176254574
p.Tyr139Val,-0.026351556,0.100961862
p.Leu5Phe,-0.463122862,0.113383813
p.Leu19Glu,0.615764053,0.132855323
p.Ala74Arg,0.57876804,0.047896836
p.Asp79Ala,1.037163762,0.010896971
p.Thr30=,1.038596868,0.006923208
p.Glu83Ala,0.684646963,0.039340721
p.Met37Pro,-0.041672822,0.120046658
p.Ser82Leu,1.024319789,0.268784338
p.Ser18Asp,1.156933406,0.262735491
p.Tyr100Glu,1.50305578,0.251423834
p.Asn98Cys,0.636998008,0.211646207
p.Thr45Ala,1.115661846,0.016980455
p.Gly41Arg,1.003087947,0.024089764
p.Ile10=,1.037361665,0.007717655
p.Gly114Trp,0.588029701,0.05678016
p.Met37Gln,0.875992082,0.276712835
p.Glu8Val,0.960316849,0.022905941
p.Glu55Val,1.042593524,0.015806158
p.Thr6Tyr,0.243545834,0.164298342
p.Arg38Lys,0.946516789,0.011981645
p.Glu121Trp,-0.045191712,0.175818192
p.Glu124Lys,1.000058783,0.010743268
p.Glu105Asn,0.793606651,0.192418255
p.Gln4Tyr,0.925140353,0.352438149
p.Ala11Arg,-0.169712228,0.104265962
p.Glu128Val,1.121680873,0.009830307
p.Lys149Gly,0.602102433,0.153630692
p.Glu32Ile,0.664850699,0.187483506
p.Arg75Cys,-0.011889928,0.134269483
p.Ser102Leu,0.812993604,0.033427767
p.Ser102Lys,-0.10553463,0.115854221
p.Asp57Ser,0.368505739,0.070955978
p.Phe90Trp,1.50305578,0.251423834
p.Ala16Tyr,0.863318754,0.050451436
p.Thr6Leu,0.77529009,0.1535922
p.Thr80Met,1.024637155,0.043106058
p.Gly62Ser,1.000543324,0.025735312
p.Asp79Glu,0.9054496,0.010801071
p.Val109Ser,0.46626631,0.233760195
p.Gly99=,0.980535728,0.005560588
p.Val36Glu,0.957323605,0.051128578
p.Lys22Trp,-0.239682242,0.099133504
p.Ile28Asn,0.929246473,0.027124588
p.Lys78Trp,-0.215387615,0.1067866
p.Asp79Trp,1.11207687,0.043632155
p.Glu8Ala,0.484911362,0.040979766
p.Asn138Gly,0.687015058,0.054035738
p.Thr30Pro,0.808077629,0.030479136
p.Asp130Asn,0.907404461,0.010197707
p.Phe20Asp,0.500903172,0.239100513
p.Gly133Asp,0.562399263,0.091035874
p.Gly99Leu,-0.108515636,0.060771318
p.Glu88Lys,0.947388862,0.014242088
p.Ile101Leu,0.976476931,0.020079298
p.Glu128Asn,-0.346390846,0.115580345
p.Val56Thr,0.344604363,0.139512322
p.Glu7Val,0.918718255,0.026857098
p.Ile53Pro,1.026631685,0.159468337
p.Asp96Trp,0.57992991,0.145045015
p.Ser18Ala,0.987565515,0.020293754
p.Glu115Pro,1.154325903,0.017022047
p.Asn112Leu,0.837581345,0.365190019
p.Gln42Pro,0.725825879,0.022399383
p.Arg75Ter,-0.058648361,0.065139607
p.Glu85Thr,0.958202569,0.059446318
p.Glu48Asp,1.110370613,0.010932526
p.Gly34Ser,1.325147048,0.053021734
p.Gln144Cys,0.496962496,0.06400881
p.His108Ser,0.974141824,0.043664166
p.Lys78Arg,1.019331405,0.008337852
p.Glu88=,1.000153636,0.009443033
p.Ile53Lys,1.185888784,0.040722333
p.Leu70Glu,-0.333319627,0.076000362
p.Val109Trp,0.859339656,0.140448683
p.Glu115Val,0.894697636,0.017647816
p.Leu49Gly,1.051889981,0.021621256
p.Ile86Ala,0.780080465,0.038952611
p.Thr45Val,0.600492299,0.071271718
p.Gly62Asn,0.010210139,0.059598171
p.Asp3Cys,0.352767577,0.150925328
p.Lys149Glu,0.957672994,0.008227396
p.Val109Leu,-0.756281082,0.491266527
p.Glu115Asp,0.895769094,0.018763875
p.Arg38Pro,0.5517269,0.064716104
p.Gly24Ser,0.929290952,0.015222593
p.Arg91His,0.636998008,0.167273331
p.Asp59Cys,1.265254598,0.172962243
p.Pro67Gly,0.18333178,0.239274768
p.Lys149Arg,1.000997958,0.007302303
p.Phe20His,0.4162823,0.319675433
p.Leu117=,0.985911521,0.005845852
p.Ser39Asp,-0.156498194,0.206970163
p.Leu117Arg,0.471002473,0.025123776
p.Phe142Thr,0.666535278,0.156855445
p.Thr80Leu,1.02513906,0.030215449
p.Asp25Val,0.849768666,0.024887972
p.Asp96His,0.43765151,0.052558106
p.Ala2Arg,-0.318388483,0.104785569
p.Val143Ala,1.005498361,0.007518105
p.Phe66Gly,-0.202431393,0.107654744
p.Pro44Arg,0.707740304,0.05093381
p.Ile126Ser,1.045643945,0.017780586
p.Ile64Thr,1.036508365,0.005960699
p.Pro67Phe,1.011147985,0.011515308
p.Lys95Ile,0.215556549,0.200971536
p.Thr118Met,0.851365348,0.024389401
p.Ile101Asn,-0.234713172,0.259456733
p.Asp21Tyr,0.935405409,0.009519016
p.Leu19Ter,-0.323450462,0.110981883
p.Ser102Arg,0.952011112,0.012240128
p.Glu124Arg,0.956234213,0.041548581
p.Glu120Thr,0.062791053,0.138163047
p.Glu84Gln,0.795779963,0.026143577
p.Arg107Glu,0.587059874,0.135048098
p.Glu46Tyr,-0.169022468,0.094664217
p.Thr30Arg,1.330552043,0.016207346
p.Thr6Lys,0.044520272,0.17844798
p.Glu120Arg,-0.204028249,0.118554374
p.Arg127=,1.004804394,0.005491778
p.Glu128Lys,0.800698929,0.014139498
p.Thr30Ile,1.026388792,0.012548509
p.Phe142Tyr,0.943530431,0.014314836
p.Leu113Asp,-0.565622938,0.183484639
p.Met145Leu,0.571737893,0.021464122
p.Val56Met,0.900008124,0.023674245
p.Thr35Asp,0.319578235,0.308054871
p.Glu140Ter,-0.57938717,0.110442036
p.Lys116Gln,1.158817127,0.018964839
p.Leu33Val,0.66364159,0.020190989
p.Val137Ala,0.975973677,0.005775065
p.Gly97Asp,0.988555389,0.009262279
p.Asp94Leu,0.85516993,0.059095388
p.Asp81Thr,0.786310148,0.195983924
p.Pro67Leu,0.965801475,0.006688967
p.Val36Leu,0.164146908,0.072664973
p.Thr35Ter,-0.185808893,0.175830248
p.Met52Pro,0.96945027,0.048770638
p.Gly114Thr,0.329494877,0.112507422
p.Ala103Pro,0.70251105,0.037199138
p.Met77Gly,0.867744981,0.040140799
p.Asp81Pro,-0.066244862,0.127299853
p.Lys149Ile,0.77975896,0.020093185
p.Phe142Ala,0.316377463,0.120418686
p.Gln50Ile,1.225983958,0.132370017
p.Met77Thr,0.98900113,0.010397487
p.Arg107Pro,0.033896495,0.047330022
p.Gly135Arg,0.889977909,0.009036256
p.Met37Asn,1.277968821,0.026974718
p.Gln144Pro,0.883722661,0.018622134
p.Lys31Val,0.070251757,0.139854971
p.Lys14Ser,0.453545558,0.041853191
p.Gly133Leu,0.102042578,0.145923271
p.Met125Ile,0.847035309,0.008381708
p.Ala47Gln,0.430130788,0.070289676
p.Asn112Ter,1.676086482,0.248659912
p.Asp81Gly,1.012308299,0.007087682
p.Leu40Gln,1.185881319,0.027373497
p.Glu46=,1.084184767,0.006018903
p.Arg91Gln,0.856490751,0.01658719
p.Pro44Glu,0.454096333,0.263258183
p.Glu83Arg,-0.251317884,0.077982648
p.Ala47Gly,0.898940204,0.01510567
p.Arg127Thr,0.634345532,0.030634007
p.Leu49Gln,0.064310115,0.106038581
p.Leu19Arg,0.350004343,0.079291507
p.Ala103Arg,1.078535414,0.029486607
p.Asp21Val,1.035509639,0.017272363
p.Met72Arg,0.757109542,0.016099535
p.His108Ala,0.986792124,0.057864636
p.Phe142Arg,0.495805522,0.125555152
p.Glu88Val,0.900521387,0.017330698
p.Asn138Glu,1.153495465,0.146487648
p.Gly133Thr,0.627928541,0.130497235
p.Asp119His,0.815369906,0.027020713
p.Ile53Gln,0.425364929,0.126845932
p.Met52Ala,-0.541183888,0.112025547
p.His108Asp,1.143216886,0.019498842
p.Asn54Pro,0.754621682,0.034177925
p.Phe93Val,0.933092716,0.021290017
p.Ile101Val,1.011336902,0.01852618
p.Ile64His,0.485107453,0.222751863
p.Gln42Thr,0.34860445,0.139402731
p.Phe66Tyr,1.000904833,0.014159114
p.Asn61Ter,0.158014592,0.150412025
p.Asp51Asn,0.692630604,0.020807771
p.Lys31Arg,0.979794291,0.005286958
p.Gly97Ser,0.91856559,0.015536553
p.Glu32Lys,0.975066239,0.014887871
p.Lys31Asp,0.012177718,0.079392593
p.Leu113Thr,-0.469074707,0.124651846
p.Ala2Pro,0.731508079,0.044081801
p.Thr63=,0.925553323,0.021232894
p.Glu46Leu,0.796288235,0.028239189
p.Asp3Thr,0.109991735,0.072002363
p.Glu32Pro,-0.145685969,0.112883019
p.Thr27Ile,0.957504347,0.007123706
p.Asp81Leu,0.527976545,0.127429915
p.Ser82Ile,0.771257399,0.021632087
p.Val56Ter,0.046763447,0.121980425
p.Thr71Lys,1.037156069,0.030509
p.Asp3Ala,0.509237589,0.033014166
p.Glu7Lys,0.731870181,0.032307848
p.Asp3His,0.521654579,0.058927358
p.Glu7Thr,0.125339734,0.156333113
p.Asp123Gln,-0.048319117,0.129202134
p.Met72Thr,1.072196643,0.006034876
p.Gly26Trp,0.928679156,0.273750184
p.Phe142Asp,0.34545829,0.122851414
p.Ala104Ter,1.50305578,0.251423834
p.Met110Trp,0.203521592,0.137446106
p.Thr45Ile,0.782027946,0.016101226
p.Val122Pro,-0.577816269,0.111965941
p.Glu115Leu,-0.515870215,0.155767129
p.Val109Thr,0.89396377,0.03490323
p.Arg75Asn,-0.27309333,0.14409424
p.Val122Thr,1.278090375,0.025126745
p.Gly133Glu,0.982763831,0.012819713
p.Thr35Gln,0.924426362,0.191245038
p.Glu121Ala,0.187538877,0.039010794
p.Asp51=,0.87438243,0.009296072
p.Gly99Ala,0.452680523,0.04730371
p.Arg38Ser,0.75055134,0.017621078
p.Val137Cys,1.078868755,0.20582258
p.Glu120Lys,0.752225311,0.012531762
p.Glu84Asn,0.965555965,0.026989952
p.Ala89Ile,0.887514468,0.043760627
p.Leu117Ile,0.967128946,0.019475459
p.Arg127Gln,0.667726776,0.131322027
p.Glu68Leu,-0.616689435,0.135244431
p.Glu128Tyr,0.066805323,0.117987752
p.Leu70Met,0.962224547,0.012455628
p.Gln144Arg,1.016983623,0.006619044
p.Gly97Ile,0.479007382,0.124766328
p.Lys149Pro,1.025144898,0.150834163
p.Asp81Gln,0.171108511,0.120235268
p.Glu128Ser,-0.332194871,0.121442684
p.Glu121Val,0.786066581,0.016722297
p.Ala16=,1.042017454,0.006801389
p.Glu83=,1.014892464,0.007235301
p.Arg107His,0.989059368,0.019545437
p.Gln9Glu,0.809546332,0.032062847
p.Thr30Phe,0.617890438,0.19716802
p.Arg127Val,0.49337791,0.047590861
p.Phe66Arg,0.430299367,0.037654578
p.Ala89Ser,1.082141418,0.013668626
p.Asn138Pro,1.355487913,0.031111318
p.Asn54Thr,0.314806344,0.050452118
p.Ala11Gly,0.845388976,0.013910517
p.Ala74Thr,0.953399443,0.007946176
p.Asp65Ile,0.580847973,0.08831158
p.Glu105Val,1.080426424,0.018161084
p.Phe69Met,-0.4954476,0.105821034
p.Val143Phe,0.091638916,0.121230481
p.Phe66Ter,-0.099028372,0.078401579
p.Gln136Tyr,0.036738139,0.141630039
p.Asn98Ile,0.785764432,0.017420492
p.Thr30Glu,0.557789054,0.113844547
p.Glu83His,1.050657545,0.050705104
p.Phe90Leu,0.679386587,0.008462683
p.Met52Asp,1.595143642,0.249649622
p.Glu88Asp,0.958558466,0.00850299
p.Ala104Asn,0.128465336,0.124888789
p.Thr30Tyr,0.436359746,0.232892403
p.Asp23Asn,1.076967641,0.009181599
p.Ala89Pro,-0.661124365,0.310486348
p.Lys22Pro,-0.31044485,0.09833777
p.Leu117Ala,0.818117441,0.078485429
p.Asn54Asp,1.023361469,0.007164431
p.Asp130Thr,-0.064778117,0.174211652
p.Asp79His,0.779566076,0.017642062
p.Thr111Ala,1.003253759,0.005373445
p.Glu88Leu,-0.011485493,0.116583133
p.Gln4Glu,-0.279083656,0.720372909
p.Glu12Leu,0.082568281,0.129434293
p.Thr147Gly,1.49925424,0.251510032
p.Ala16Leu,0.909335388,0.019032633
p.Ile86=,1.006768512,0.017065938
p.Ile131Gln,0.604189415,0.058248738
p.Asp134Cys,0.805106967,0.052338329
p.Pro67Ile,0.785193482,0.040584128
p.Gln9Trp,1.297781922,0.020162823
p.Asp119Val,0.795833602,0.015891209
p.Lys78Ter,0.49903162,0.055383835
p.Glu46Trp,0.779698447,0.038419814
p.Leu113Ala,0.029175131,0.124062584
p.Asp65Ala,0.91497478,0.014983131
p.Asn112Asp,1.105167026,0.007227045
p.Met146Pro,1.042588311,0.120414895
p.Thr30Asn,0.243248675,0.120558207
p.Val56Asp,0.058851419,0.253144793
p.Ser18Pro,0.940568038,0.008095566
p.Asp130Pro,-0.239056814,0.221116416
p.Gln9Ter,0.225718184,0.018948569
p.Gln136Ter,-0.111307534,0.054684396
p.Arg127Met,0.866624814,0.042755249
p.Met37Phe,-0.344823472,0.211782434
p.Val143Ser,0.085330431,0.121190671
p.Glu55Trp,1.055365525,0.057281757
p.Asp130Arg,0.12338387,0.08589339
p.Arg91Ser,0.087010421,0.190764356
p.Thr71His,0.52662537,0.128390178
p.Thr29=,1.06064298,0.006039447
p.Glu120Asn,0.945290498,0.10628919
p.Glu120Trp,0.888840284,0.029008241
p.Lys78Val,-0.395656096,0.064619944
p.Gly97Arg,1.128926237,0.014267582
p.Ser102Asp,0.704967576,0.078161773
p.Val143Glu,1.159683558,0.017345432
p.Glu115Arg,-0.309613468,0.234571122
p.Glu7Ile,1.647830717,0.248937268
p.Thr29Ser,0.603945922,0.022063294
p.Arg87Leu,0.804897992,0.018155718
p.Gln4Ter,-0.11269751,0.012078654
p.Tyr139Phe,1.036504907,0.012208567
p.Asp96Cys,1.515217099,0.195778314
p.Glu46Arg,0.857407644,0.034687032
p.Glu12Ter,-1.301696015,1.5039456
p.Ala103Val,0.803518604,0.016269817
p.Glu120Gly,1.022140446,0.005486374
p.Lys78Gln,1.05751648,0.018473531
p.Glu121Ser,-0.36450169,0.094946026
p.Glu141Arg,0.608789833,0.14007193
p.Ser82=,1.06220468,0.00643084
p.Phe17Pro,-0.307014529,0.190504347
p.Glu141Tyr,0.056858104,0.118567804
p.His108Leu,1.006092751,0.013389447
p.Asp51Gln,0.794524613,0.289884402
p.Asp57Gly,1.003331951,0.005686395
p.Asp79Pro,0.801056927,0.026144169
p.Thr30Ser,0.994433374,0.01758456
p.Asp21Phe,1.212074494,0.022798996
p.Gly99Asn,0.695887152,0.047164469
p.Glu120Ile,0.967291949,0.036373752
p.Val122Gln,-0.376121715,0.156026406
p.Glu140Asp,0.823964093,0.018962263
p.Glu88Arg,-0.031736288,0.096567388
p.Phe66Leu,1.038677795,0.00463249
p.Glu105Lys,0.506109545,0.013348454
p.Glu128Ala,1.147676968,0.011356114
p.Ile126Tyr,1.021141135,0.176389471
p.Lys116Asp,-0.290330328,0.108225344
p.Asn112Lys,0.631831637,0.029518111
p.Asn54Tyr,1.0651909,0.022716038
p.Ser18Arg,1.119153006,0.034878207
p.Ala103Glu,-0.385691041,0.494233209
p.Ile101Asp,1.016175578,0.187635918
p.Ile131Val,0.993232915,0.006899659
p.Asn138Leu,-0.035601584,0.115186186
p.Glu12Pro,0.307636173,0.218108324
p.Glu124Gly,0.969572989,0.00707093
p.Lys149Thr,0.663721568,0.029451335
p.Val122Ala,1.023971577,0.006968358
p.Asp81Arg,1.020229128,0.174352872
p.Leu70Tyr,0.873424601,0.059469933
p.Ala58Cys,-0.196602524,0.211044325
p.Ile101Thr,0.777713731,0.008344744
p.Ala89Arg,-0.661959865,0.237737491
p.Phe13Asp,1.226018022,0.014989145
p.Ala58Asp,0.856988401,0.021168315
p.Glu32Met,0.204154017,0.214707897
p.Phe13Thr,-0.617206722,0.127017438
p.Glu55Tyr,0.625663181,0.033062716
p.Lys76Ter,0.095215969,0.033249033
p.Ile10Arg,0.176446146,0.088966959
p.Val36Lys,-0.361073708,0.121117829
p.Tyr139Pro,0.499915647,0.0664757
p.Lys14Thr,0.727081448,0.039036271
p.Gly62Cys,0.971597153,0.014848831
p.Ser102Thr,0.582853633,0.028236493
p.Asn112Gly,1.290606055,0.022543701
p.Met77Glu,0.208059914,0.124096514
p.Asp3Asn,0.856569479,0.010934965
p.Thr118Arg,0.823015611,0.030716946
p.Glu55Met,0.896169209,0.033888995
p.Gln9Leu,1.052337614,0.011050352
p.Gly41Glu,1.360507783,0.030515153
p.Glu8Arg,-0.225349257,0.067252361
p.Tyr139Thr,0.285791926,0.121636484
p.Met125Ala,0.629322664,0.044587202
p.Ile64Val,1.077230018,0.007107069
p.Phe69Tyr,0.726920913,0.021934668
p.Asn43Cys,0.658326169,0.174351573
p.Thr27Asp,0.528869664,0.069894729
p.Leu106Cys,0.232045485,0.120239387
p.Lys95Gly,0.34027183,0.072527226
p.Glu105Leu,0.708476038,0.197606292
p.Thr35His,0.393440495,0.210907447
p.Arg107Ser,0.167577174,0.055714992
p.Phe69=,1.061706047,0.006435305
p.Phe20Tyr,1.199586877,0.011266484
p.Leu19Phe,0.189543975,0.124532275
p.Arg87Val,1.256925604,0.048698907
p.Thr35Gly,0.189952782,0.132513857
p.Lys22Gly,0.081920195,0.039342712
p.Asp25Glu,0.689581821,0.016426036
p.Ile53Ala,1.293620865,0.028504644
p.Leu19Ser,0.565335243,0.025734548
p.Ala148Leu,0.409998891,0.124774766
p.Gln136Ser,0.376062595,0.116864152
p.Phe142Pro,0.551691001,0.142530853
p.Leu5His,-0.063770479,0.093758731
p.Ile126Val,1.007112003,0.00633816
p.Phe90Arg,-0.141995781,0.106148011
p.Asp134Arg,0.286832302,0.052350837
p.Asp130Lys,-0.18208304,0.110783388
p.Leu49Trp,0.842613454,0.027096707
p.Ser18=,1.015215455,0.00592514
p.Glu85Gln,0.409891487,0.036445197
p.Ala16Lys,0.006719466,0.054541902
p.Glu12Gly,0.933119209,0.007505869
p.Phe69Val,0.807651806,0.024078645
p.Pro67Arg,0.769989737,0.041410922
p.His108Ile,1.052201211,0.079945305
p.Phe20Ter,0.497129351,0.09853651
p.Arg38Asn,-0.429013726,0.106836838
p.Arg107Ter,-0.368888115,0.107769536
p.Asp21Cys,1.253162062,0.029593886
p.Val92Tyr,1.199373348,0.130582728
p.Ala16Ter,-0.327087968,0.196924463
p.Pro67His,0.847760647,0.018200873
p.Val122Asp,0.596253921,0.043827147
p.Gln144Ter,-0.292098211,0.045935601
p.Ile86Ser,0.648421985,0.022889382
p.Phe20Asn,0.237067024,0.140708945
p.Ile126Ala,0.457151248,0.054423137
p.Asp23His,1.027117118,0.021973381
p.Asn43Phe,1.334291131,0.021057203
p.Lys76His,0.842196111,0.079069106
p.Met110Gln,0.239896218,0.12639726
p.Gly24Ala,0.94739924,0.013867515
p.Glu68Gln,0.331913724,0.065881468
p.Leu33Asp,-1.005544256,0.10779915
p.Val109Pro,0.500645968,0.127987214
p.Phe17=,1.005867473,0.004269499
p.Gly62Phe,1.026631685,0.159468337
p.Ala129Gly,0.937791555,0.017961904
p.Phe69Asn,0.127459365,0.269233767
p.Lys22Thr,0.820703887,0.01776964
p.Phe69Ser,0.633182811,0.010629351
p.Val137Ile,0.996333005,0.011396639
p.Arg91Phe,0.437081548,0.126262052
p.Met52Thr,1.032114195,0.006746246
p.Asp132Ala,0.848368376,0.021005658
p.Gln144Leu,1.100077184,0.016211968
p.Ala129Met,0.77928633,0.133047638
p.Ala104Ile,-0.116621964,0.134932409
p.Asp132Ser,1.219597131,0.024315155
p.Asp123Thr,-0.052526872,0.245198218
p.Thr35Cys,0.879831685,0.067616826
p.Arg38Asp,-0.508447159,0.122313854
p.Phe17Gly,-0.025328939,0.125499261
p.Thr111Lys,0.460663666,0.060694964
p.Lys149Val,0.319893166,0.17455275
p.Gly24Cys,0.894035466,0.01145995
p.Phe142=,1.009618522,0.006862633
p.Leu5Val,0.817792967,0.015206942
p.Gln42Val,-0.148711564,0.105566234
p.Ala103Phe,0.010037417,0.075128931
p.Gln4Lys,0.937582864,0.023549677
p.Val109Phe,1.043553449,0.017271547
p.Ala148Asp,0.545800544,0.134882796
p.Gly24Leu,0.368681529,0.096418703
p.Glu84Tyr,0.823773818,0.047271803
p.Asp94Gly,0.881130008,0.007528873
p.Gly97His,0.149568422,0.220691917
p.Met52Ter,-0.768231373,0.219974483
p.Phe20Ile,0.951386429,0.064924977
p.Ile101Ser,0.274658683,0.050052453
p.Met52Ile,0.961171326,0.008462096
p.Leu33Ile,0.864837216,0.01892934
p.Gly97Phe,0.159230496,0.100116014
p.Ala47Arg,0.985634701,0.026012692
p.Ile86Leu,1.327159697,0.031312198
p.Gln144Asp,0.448401777,0.067956401
p.Ala58Pro,1.27894399,0.012019096
p.Asp57Trp,1.137058024,0.039678179
p.Glu85=,1.035811044,0.007339347
p.Asn138Trp,-0.450795476,0.116128746
p.Ala74Asn,1.033240093,0.118511363
p.Gly133Val,0.854075833,0.018165739
p.Gln42His,1.03906184,0.013293535
p.Thr147=,1.122569675,0.005141692
p.Lys14Tyr,0.15402673,0.095907707
p.Phe20Glu,0.206546395,0.146619367
p.Leu70Val,0.967137803,0.018184631
p.Asp23Ter,0.141003718,0.135571158
p.Lys116Asn,0.980028297,0.01142053
p.Ala103Lys,0.903795825,0.053345301
p.Glu12Thr,0.38321444,0.073911513
p.Ile28Glu,-0.014635267,0.122958718
p.Pro44Phe,0.735086648,0.129778482
p.Thr71Asn,0.804990058,0.023030799
p.Glu84Ile,1.252811147,0.020789551
p.Met77Lys,0.607650121,0.036008473
p.Glu68Ser,0.754034205,0.133744414
p.Gln144Phe,0.173089519,0.140073421
p.Glu140Gly,0.976544231,0.018783482
p.Ala2Lys,0.207821617,0.152437402
p.Ala148=,0.955976219,0.006425124
p.Glu115Ala,0.591493024,0.02657212
p.Asp96Thr,1.193334061,0.261239511
p.Gly62Arg,1.087652314,0.020124714
p.Thr35Arg,0.817219467,0.031264734
p.Glu83Pro,0.052799328,0.117613099
p.Gly135Trp,0.118439503,0.125392101
p.Glu128Cys,0.224197213,0.159954258
p.Lys78Ile,0.997612382,0.025168758
p.Ile10Ala,-0.622193774,0.11574271
p.Thr27Leu,0.10350448,0.066012198
p.Glu15Asp,1.031049548,0.009707875
p.Asp96Asn,1.035414606,0.009170443
p.Ile53Met,1.259210329,0.025864137
p.Glu48Lys,0.662485579,0.014944948
p.Lys31Ter,0.519503234,0.01835914
p.Glu141Lys,0.592870953,0.014436912
p.Ile28Thr,0.86404682,0.00676849
p.Leu106Met,0.260292838,0.151487112
p.Glu32Ala,1.148432837,0.042725139
p.Ala47Trp,0.874290085,0.058019925
p.Asp59=,1.131025257,0.005766557
p.Leu19Val,1.109925145,0.028889942
p.Val143Gly,0.684349967,0.013419928
p.Gly60=,1.066221059,0.005468143
p.Ala74Val,0.970236778,0.007896305
p.Thr45Phe,1.168762959,0.027806453
p.Leu70Ser,1.060164647,0.005962144
p.Ala2Val,1.012158784,0.008035104
p.Gly99Gln,0.108843467,0.119113897
p.Arg75Ala,0.935853603,0.072235227
p.Phe20Thr,-0.004000576,0.228692217
p.Lys78Leu,-0.207550772,0.073211342
p.Asn98=,1.054277357,0.006879756
p.Glu68Ile,0.079877408,0.119722256
p.Val109Cys,0.851488923,0.129392409
p.Ile64Lys,-0.144963559,0.111319506
p.Glu12His,0.874161796,0.106762856
p.Glu83Met,0.631230785,0.12103529
p.Ser82Lys,0.592002305,0.04894006
p.Gly62Val,0.861643221,0.022757059
p.Gln136Lys,-0.947386041,0.663947363
p.Arg87Met,0.438187055,0.125270321
p.Glu32Val,1.044175062,0.016647059
p.Phe90Glu,1.020229128,0.141809886
p.Gln42Leu,1.017700607,0.011547815
p.Thr6Asp,0.307104262,0.123421327
p.Leu40Ser,0.851507004,0.016731776
p.His108Arg,1.007578151,0.005432384
p.Asp57Arg,1.233611537,0.019685891
p.Asn54Trp,0.791727882,0.067497968
p.Met110Gly,0.425625629,0.068441417
p.Gln50Ter,-0.106375708,0.042575972
p.Met146Leu,0.778211152,0.020237893
p.Phe13His,-0.245965994,0.118052211
p.Ala103Trp,-0.139525561,0.180227212
p.Arg75Leu,1.264435049,0.021322912
p.Glu84Met,-0.149513035,0.113287203
p.Ser18Cys,0.658623383,0.037820699
p.Ser82Trp,0.638728506,0.130844509
p.Gly97Ala,1.117987182,0.01464028
p.Ile86Tyr,0.578412419,0.127113206
p.Lys76Ala,1.122846236,0.025549088
p.Lys22Phe,0.584790927,0.042506823
p.Asp23=,0.967216176,0.008930384
p.Ile126Cys,0.363315163,0.096800668
p.Thr111Pro,0.67987694,0.018890095
p.Asn98Thr,0.554766115,0.041026213
p.Glu46Lys,0.519875657,0.016045415
p.Ala11Pro,0.074961984,0.136179682
p.Arg87Phe,1.033516751,0.050463234
p.Met146Ter,1.49925424,0.210506444
p.Met72Gln,1.242382009,0.0402002
p.Asp25Phe,1.647830717,0.248937268
p.Gly135Met,0.16817638,0.098625316
p.Asp119Asn,0.975189587,0.010486444
p.Asp94His,0.863392182,0.026973526
p.Pro67Met,-0.172635097,0.119630814
p.Gln144Ser,1.108774447,0.03056004
p.Met77Ter,0.193739785,0.162919473
p.Phe17Arg,-0.404891315,0.090652709
p.Lys31Glu,1.116118058,0.00937549
p.Met77Asn,0.236530502,0.192042917
p.Glu32Asp,1.061295022,0.025597409
p.Ala104Phe,-0.078685828,0.139127705
p.Asn138Lys,0.972366642,0.013609377
p.Gly97Pro,-0.636966538,0.098425725
p.Gly135Leu,-0.195837736,0.115288418
p.Asp57Glu,1.067692286,0.012874508
p.Arg38Tyr,-0.55751823,0.144173602
p.Ala2Gly,1.030192198,0.024411899
p.Thr71Cys,0.479007382,0.133637154
p.Gly97Gln,-0.202464414,0.115371394
p.Arg87Asp,-0.305039162,0.120264876
p.Asp65Gly,1.034188717,0.016091213
p.Lys14Met,0.565944681,0.021152059
p.Asp123Ala,0.804439945,0.021646941
p.Asn54Gly,0.09391768,0.045836741
p.Tyr100Thr,-0.010854802,0.140155569
p.Ile101=,0.993719152,0.007125704
p.Asn43Arg,1.407265133,0.051244225
p.Glu8His,0.740344219,0.292987986
p.Gly26Ile,1.647830717,0.248937268
p.Val36Ala,0.988313381,0.018010014
p.Gly62Gln,1.336359974,0.036017998
p.Gly41Gln,-0.205706405,0.097299112
p.Thr30Lys,-0.050386602,0.077746643
p.Glu7Gln,0.964899687,0.037171071
p.Gln50Asn,0.754034205,0.140742823
p.Ile101Ter,-0.065886768,0.115246475
p.Asn138Phe,1.142410215,0.026421633
p.Phe93Asp,1.193334061,0.261239511
p.Thr6Gly,0.534827233,0.124420019
p.Ser102Val,0.00600889,0.153925808
p.Arg107Thr,-0.415401707,0.130696842
p.Ala47Leu,0.641686931,0.065170387
p.Gln136Gly,-0.119745471,0.120380527
p.Ala148Trp,1.214957082,0.131341232
p.Leu49Cys,-0.239171104,0.093588866
p.Met145Ile,0.657191651,0.028458953
p.Val109Tyr,0.205350559,0.184432692
p.Lys95Asn,0.40663447,0.029146899
p.Gln136Cys,-0.03985654,0.117163465
p.Ile126Arg,0.298980489,0.07363162
p.Ile131Thr,1.058937868,0.006751983
p.Ile28Gly,-0.135414054,0.094787237
p.Met72Ser,-0.327483965,0.212983854
p.Asn54Ser,0.866871537,0.007952024
p.Glu55Pro,1.260246783,0.019721229
p.Pro67Asp,0.620675333,0.129726249
p.Asp132Pro,-0.353866079,0.137604789
p.Gly26Phe,0.77529009,0.131621284
p.Glu140Ile,0.96826507,0.062743172
p.Thr29Ala,0.992450251,0.007052722
p.Gly41Leu,0.560138061,0.137509622
p.Thr111Ile,1.012386151,0.010179964
p.Ile53Phe,0.98332305,0.021524532
p.Gly41Lys,0.385338401,0.131467183
p.Gly99Val,0.799764528,0.018384866
p.Glu88Phe,0.286630737,0.151301102
p.Ala58Tyr,0.723899161,0.122330484
p.Pro44Trp,0.754034205,0.133744414
p.Glu83Val,1.046889347,0.010736215
p.Glu88Asn,1.515217099,0.348193887
p.Ile10Cys,1.647830717,0.248937268
p.Val143Asp,0.295711904,0.175941769
p.Val143Met,1.115752527,0.06012757
p.Phe66Pro,-0.039568164,0.106778223
p.Thr45Asp,-0.522072865,0.102267273
p.Asp57Leu,0.049150357,0.087210479
p.Tyr139=,0.980107124,0.01850942
p.Thr29Met,0.478419373,0.071919147
p.Met52Gly,1.168332688,0.02380084
p.Glu55Phe,-0.032947345,0.069397157
p.Met37Ser,0.172630156,0.139988461
p.Ile10Met,0.666237611,0.030029951
p.Gln50Pro,0.256739447,0.037091334
p.Phe142Asn,0.218859508,0.199991444
p.Glu124Ter,-1.671683088,1.135085039
p.Val36Asp,0.851856903,0.014194436
p.Val36Gly,0.789745799,0.016854043
p.Thr6Asn,-0.804907269,0.632275562
p.Glu85Met,1.208026629,0.025817085
p.Leu70Ile,1.073108915,0.070906943
p.Ala11Met,0.242068496,0.167927655
p.Gly60Ala,-0.152414641,0.299101055
p.Ala47Tyr,0.167428859,0.172501521
p.Arg127Gly,0.948408572,0.005935253
p.Lys76Tyr,1.329891731,0.125235949
p.Leu113Cys,0.988472433,0.033584662
p.Asn98Gly,0.971517411,0.052239721
p.Leu113Lys,0.218945355,0.071538192
p.Tyr100Gly,1.515217099,0.195778314
p.Asp96Lys,1.568142945,0.460371945
p.Tyr139Asp,1.066545485,0.016443473
p.Asp123Lys,0.498202023,0.086604428
p.Glu141Cys,0.595513644,0.127026743
p.Gln42Gly,0.629989523,0.040224068
p.Glu140Asn,0.892342277,0.19101156
p.Glu120Tyr,1.055484078,0.03536902
p.Thr45Pro,0.502592023,0.039164744
p.Asn43Lys,0.883541498,0.01004169
p.Met146Thr,0.941324551,0.008932733
p.Gly99Phe,0.513104441,0.04906594
p.Ala58=,0.994059701,0.009051928
p.Leu70Gly,0.836598098,0.018760115
p.Met73Arg,0.922660993,0.021687438
p.Lys95Asp,-0.065169719,0.148327003
p.Lys149Ter,1.018884546,0.019656199
p.Glu12Lys,0.907151803,0.014093923
p.Arg38Met,1.049683343,0.010278155
p.Asp21=,0.968351822,0.010671754
p.Ile101Ala,0.945304584,0.059464176
p.Glu83Lys,0.903285929,0.011216797
p.Ile53Asn,0.275429568,0.096381025
p.Lys31Phe,0.654724365,0.049937397
p.Asp59Glu,1.042218822,0.011780499
p.Arg127Ser,0.708108234,0.015543933
p.Glu88Tyr,1.20549538,0.25361842
p.Gly133=,1.06389094,0.005534839
p.Leu117Val,0.400438652,0.02914633
p.Asp57Phe,0.554203175,0.076923423
p.Asp81=,0.782322793,0.010486283
p.Gly135Ter,-0.544488641,0.043146585
p.Thr45Leu,0.944869692,0.079949593
p.Ala47Asn,0.448815271,0.099399208
p.Thr71Ser,0.518443046,0.019983738
p.Asp23Glu,0.941758512,0.017727296
p.Gln144His,0.845892188,0.012325197
p.Asp123Ser,0.940329366,0.02734827
p.Gln136Asp,0.363193228,0.129593422
p.Glu12Ile,-0.045977846,0.11543356
p.Arg107Trp,0.268807741,0.150611872
p.Ile28Pro,-0.398393245,0.131265796
p.Val36Trp,0.034077646,0.074223915
p.Lys31Leu,0.806692741,0.02374245
p.Gly133Gln,0.93765026,0.13222994
p.Phe90Tyr,0.975704534,0.015057916
p.His108Gly,-0.185152777,0.110682334
p.Asp81Phe,0.573890623,0.30767063
p.Met110Arg,0.033978752,0.068386575
p.Asp79Phe,0.812464367,0.026994867
p.Ala74Asp,0.723541931,0.03107582
p.Leu117Lys,-0.188254443,0.114875031
p.Ile131Ala,0.859933327,0.041117349
p.Thr147Asn,1.170927637,0.016911543
p.Ala148Val,1.032007516,0.01630229
p.Thr80Lys,0.829337541,0.017973602
p.Ile64Arg,0.430672688,0.072817115
p.Phe90Ala,0.483884932,0.198061815
p.Leu19Ala,1.156933406,0.262735491
p.Asp25Ser,0.845434768,0.272855004
p.Thr111Met,0.187911239,0.062438002
p.Ala148Gly,0.691102793,0.038015358
p.Glu141Val,0.681590431,0.02245166
p.Met110Phe,-0.398987319,0.107896575
p.Thr118=,1.087436174,0.005522966
p.Lys31Tyr,0.861499045,0.02457602
p.Ser82Ter,1.199373348,0.13204822
p.Asp81Tyr,0.659419557,0.021460133
p.Asp134Val,0.597839809,0.044284824
p.Met73Ala,1.067756447,0.032687097
p.Asp57Ile,0.073440827,0.116951511
p.Asp130Ile,-0.134905325,0.071501681
p.Asn61Ile,0.864877565,0.018269469
p.Lys31Met,0.831582746,0.015128771
p.Thr35Ile,1.079594917,0.007113609
p.Asn138Ter,0.029175131,0.156040435
p.Gly60Asn,1.106821402,0.027222299
p.Gly135Glu,0.919294977,0.012112899
p.Asp130Ter,-0.457035244,0.078855077
p.Asp134Ala,0.42795709,0.0256688
p.Gly114Met,0.672914947,0.127998606
p.Glu141Ter,-1.568342788,2.644509619
p.Leu33Ter,-0.374407815,0.087800537
p.Lys95Cys,1.50305578,0.251423834
p.Ile10Val,0.922938557,0.006456752
p.Phe69Pro,0.244189338,0.148136126
p.Asp51Ala,0.931023709,0.03223337
p.Glu121Pro,0.22039014,0.133720894
p.Leu19Lys,1.338108998,0.255983939
p.Val137Ser,0.570158851,0.178044558
p.Glu124Leu,-0.245641894,0.099875617
p.Ser18Ter,0.762821818,0.050305117
p.Asp79Ser,0.370651787,0.071383398
p.Asn112Cys,0.166513446,0.152861228
p.Leu49Asp,0.266467809,0.128182915
p.Ala16Pro,0.153144724,0.025283833
p.Tyr100Arg,0.854526367,0.056877482
p.Leu106His,0.830960764,0.062574228
p.Asp57Pro,-0.26994363,0.092438423
p.Asp57Ala,0.681268351,0.023961458
p.Phe66Met,0.001231896,0.201472164
p.Asp23Phe,-0.198890288,0.119524886
p.Asp119Tyr,0.968264981,0.01295162
p.Asp119Lys,0.821344247,0.05694696
p.Thr71Leu,1.50305578,0.251423834
p.Asp132Gln,0.270925125,0.12108177
p.Phe90Thr,0.581452573,0.126376269
p.Asp57Gln,0.749375032,0.041058215
p.Val109Asp,-0.144330124,0.080713804
p.Phe69His,0.228905353,0.119475765
p.Pro67Val,0.885931974,0.075143377
p.Asp94Cys,0.891881105,0.062692517
p.Asp21Arg,0.823764097,0.045993364
p.Val92Ser,0.357291462,0.143792051
p.Glu55Ter,0.350729007,0.019648677
p.Asp51Glu,0.85307752,0.029123628
p.Glu124Gln,-0.355286251,0.711727555
p.Asp21Lys,-0.058495102,0.105862152
p.Leu19Ile,0.450412844,0.044563315
p.Gly24Ile,1.332799299,0.256156825
p.Val92Thr,1.199373348,0.139665052
p.Met73Asn,1.204024412,0.016719282
p.Asn112His,0.749025238,0.040514999
p.Met77Leu,1.004135926,0.018505266
p.Thr80Ile,1.21569174,0.010146859
p.Met52Ser,0.595619873,0.044099237
p.Lys116Met,0.685958108,0.035784261
p.Tyr139Glu,-0.079514204,0.121830517
p.Asn61Pro,0.518104251,0.126563733
p.Gly114Ala,0.469330839,0.047236494
p.Glu88His,0.398754319,0.122440681
p.Arg127Ile,0.919361369,0.014190514
p.Leu5Ser,1.134238874,0.026001058
p.Ile10Trp,1.025724543,0.129406108
p.Thr27=,0.979908497,0.009088617
p.Glu140=,0.990464596,0.006067926
p.Asp119Gln,-0.080585058,0.116040581
p.Tyr139Leu,-0.595098005,0.157360117
p.Lys116Ter,0.205066416,0.101565459
p.Ile131Phe,1.074179354,0.009204771
p.Glu8=,0.992252384,0.005679613
p.Gln9Cys,1.024482281,0.05980202
p.Asp65Glu,0.988939247,0.016131501
p.Thr27Pro,0.852535943,0.025881811
p.Asp23Ser,-0.43685499,0.162111545
p.Ile131Pro,-0.1482205,0.117608524
p.Glu48Phe,1.04671157,0.0452597
p.Ala47Ile,0.823530702,0.122604699
p.Glu120Cys,0.980309626,0.044994653
p.Thr35Tyr,-0.04646002,0.127722941
p.Lys78Phe,-0.491717345,0.106154027
p.Gly99Ter,-0.239415932,0.110299106
p.Gln9Gly,0.79909002,0.034357812
p.Ala74Leu,0.365333229,0.140217074
p.Asp132Ile,-0.618291192,0.162025094
p.Asp23Tyr,0.94805258,0.017860961
p.Asn61Gly,0.60654052,0.244262765
p.Asp3Val,0.521047413,0.049008744
p.Ala16Ile,1.145190996,0.025361796
p.Ile53Cys,1.130063359,0.034281219
p.Pro67Gln,0.909382299,0.074081398
p.Asp81Trp,0.89270216,0.171357006
p.Ile28Trp,0.321113963,0.166977911
p.Thr71Gly,0.699936363,0.092291347
p.Asp59Ter,1.173532219,0.206648658
p.Leu106Thr,0.257427788,0.115638591
p.Lys116Leu,1.13195048,0.02768157
p.Phe142Val,-0.910209703,0.591306443
p.Leu49Ter,0.166796553,0.046528146
p.Ile53Val,1.046228858,0.006192811
p.Arg127Phe,0.464643419,0.082184962
p.Asp59His,1.288488685,0.016147164
p.Ser39Asn,0.556020867,0.063293282
p.Arg38Ile,-0.091195591,0.185738261
p.Ala129Cys,0.004960087,0.112950967
p.Val56Phe,0.194257132,0.169189375
p.Glu15Asn,-0.017743,0.096680434
p.Asp132=,0.910464773,0.009277533
p.Asp134Phe,0.125038984,0.110950177
p.Thr63Cys,0.204814133,0.073660219
p.Ile10Ser,0.951292965,0.020194021
p.Glu88Pro,0.791161221,0.132879904
p.Asp132Trp,0.311184381,0.125904279
p.Asn54Met,0.82801735,0.042790595
p.Phe90=,0.913237429,0.004829686
p.Asn54Gln,0.499337933,0.053395327
p.Glu141=,1.000085577,0.008625057
p.Ala74Ter,1.50305578,0.251423834
p.Leu33Cys,-0.278679889,0.127151804
p.Leu106Ser,0.236152083,0.029345751
p.Arg87Pro,0.810535841,0.022210812
p.Leu19Gln,1.0379634,0.015841912
p.Glu124Phe,0.57852946,0.129713905
p.Ile10Ter,-0.037650476,0.134271536
p.Arg87Ile,-0.001474913,0.182198729
p.Glu84Gly,1.02818878,0.009095447
p.Thr63Ter,-0.643378729,0.124304622
p.Ala2Glu,1.216807881,0.095525388
p.Arg87Gln,0.764440727,0.042524297
p.Thr118Phe,0.892214497,0.035660308
p.Thr111Asn,-0.526498894,0.108293353
p.Glu8Pro,0.284898316,0.120979864
p.Pro44Gln,0.93330801,0.01634248
p.Gln144Glu,1.251129484,0.016753822
p.Asp94Ala,0.554331531,0.05653181
p.Leu19His,0.28439278,0.125263284
p.Tyr100Leu,0.632146184,0.201066005
p.Gln136=,0.983756248,0.005944664
p.Gln42Phe,0.889267178,0.189263826
p.Asp79Gly,0.985144497,0.006619107
p.Asn98Phe,0.928496536,0.0649513
p.Thr63Gln,0.359156608,0.055457968
p.Phe69Cys,0.068325441,0.033395124
p.Val109Asn,-0.175043586,0.110116709
p.Ala11His,-0.093558621,0.114197368
p.Asp59Gly,0.989380943,0.007938163
p.Leu117Asp,-0.076702403,0.111697429
p.Val36Asn,-0.552508366,0.122253665
p.Phe66Thr,-0.045699692,0.085631662
p.Asp123Ter,0.958945213,0.082733761
p.Val122Glu,0.294710668,0.056252174
p.Ile64Pro,1.29385972,0.037542103
p.Phe142Ter,0.775647213,0.061370439
p.Ile53=,1.122188427,0.005844018
p.Thr45Asn,0.769638101,0.1036898
p.Phe69Lys,0.314662314,0.147174239
p.Tyr100Val,0.342240171,0.151368642
p.Lys76Cys,1.265165346,0.033973533
p.Lys149Met,0.644106172,0.155382787
p.Glu55Lys,0.927525177,0.012124853
p.Glu128Asp,1.128525834,0.008556023
p.Phe66Lys,0.60654052,0.129397541
p.Val92Asp,0.352119493,0.037935431
p.Ser82Pro,0.479007382,0.133637154
p.Thr111Ter,0.001727645,0.092105082
p.Ser18Ile,-0.014376448,0.224839457
p.Met125Pro,-0.0299906,0.075228205
p.Tyr100Asp,1.042393005,0.023508699
p.Gly97Cys,0.855101636,0.014583845
p.Pro67Ter,1.063755924,0.133843374
p.Ala89Asp,-0.686219292,0.172767034
p.Ile131Glu,-0.367873049,0.162954516
p.Glu105Thr,1.515217099,0.251154622
p.Tyr139Gln,-0.086996157,0.073811827
p.Ala89Trp,0.581452573,0.136739097
p.Asp65Thr,1.305017575,0.052900325
p.Glu105His,1.515217099,0.251154622
p.Ser39Gly,0.529772905,0.140202259
p.Thr118Val,0.979645123,0.021560743
p.Ala58Leu,-0.184697113,0.257726684
p.Glu84=,1,0.006707015
p.Glu68Lys,1.008658565,0.012148749
p.Phe90Lys,0.297831791,0.132294037
p.Leu49Ala,1.181805303,0.031089572
p.Asn61Asp,0.946112808,0.014842687
p.Asn54Leu,-0.653694588,0.102596268
p.Met146Asn,-0.259567892,0.115703883
p.Asn138=,0.946621324,0.007687442
p.Gly135Cys,1.001752505,0.130594384
p.Phe90Asp,0.89270216,0.171357006
p.Thr63Lys,0.720515647,0.034952126
p.Gln9Ile,0.716002824,0.126914122
p.Glu46Met,1.300932466,0.029463731
p.Phe66Gln,0.503715582,0.128810959
p.Leu40Trp,0.258529299,0.066675791
p.Lys95Ser,1.241233231,0.070742767
p.Val137Tyr,0.232045485,0.120239387
p.Met77Pro,0.721399637,0.104878591
p.Glu32His,1.373635739,0.15986136
p.Thr111Tyr,-0.071732535,0.124683056
p.Thr80Cys,0.407185786,0.064442236
p.Met125Gln,0.365354363,0.084985437
p.Ala129Glu,0.149450527,0.115995334
p.Val143Ter,1.551637747,0.25041001
p.Ile28Lys,0.690759041,0.090858131
p.Leu70Cys,0.24778982,0.077018882
p.Glu68Pro,0.222969085,0.120826308
p.Ala89Asn,-0.067674374,0.20699967
p.Ala89Phe,1.515217099,0.251154622
p.Glu8Asp,0.941627878,0.013896529
p.Asn98Val,0.147831196,0.123567427
p.Glu115Phe,-0.15650803,0.115898956
p.Gly135=,0.965958355,0.005847161
p.Ile53Tyr,1.063755924,0.133843374
p.Gly26Thr,0.435650389,0.177650518
p.Glu85Lys,0.326771669,0.019687818
p.Asn61Val,1.104246332,0.274446752
p.Ile28His,0.245857362,0.349651225
p.Thr80Gly,0.910777909,0.021494157
p.Leu113Met,-0.12194491,0.096068922
p.Ala11Leu,0.718708341,0.072024246
p.Ala104Pro,1.063836412,0.023333881
p.Asp51Tyr,0.872549097,0.024165634
p.Lys116Pro,1.146979925,0.031058007
p.Ala11Ile,0.534736617,0.056431028
p.Ala104Glu,-0.107687484,0.152319234
p.Ala129Thr,0.689060316,0.021445992
p.Glu128Gln,-0.115095859,0.14385416
p.Asp79Ter,0.509256088,0.043410269
p.Ile53Glu,-0.091195591,0.136855062
p.Gly99Met,0.480221787,0.123757979
p.Ser102Ter,0.788729101,0.123525057
p.Pro67Lys,0.263136895,0.123144219
p.Val56Ser,0.411534346,0.127210301
p.Ile53Trp,0.44464526,0.058184813
p.Leu5Ter,-0.001727645,0.046807429
p.Glu141Gly,0.989679212,0.009857766
p.Gly60Ile,0.60654052,0.151616874
p.Glu105Gln,-0.772769724,0.489264805
p.Arg91Cys,0.106202982,0.129667267
p.His108Glu,1.676086482,0.248659912
p.Lys149Asp,0.40570146,0.158754754
p.Gln50Thr,0.434738283,0.123967981
p.Glu46Gln,1.038468168,0.01953498
p.Leu49Asn,0.097338592,0.126667008
p.Val56Gly,1.049369442,0.015147481
p.Asp123Gly,1.028727914,0.005285623
p.Lys76Asn,0.625795456,0.029037127
p.Glu68Asn,0.906535338,0.100847574
p.Pro67Thr,0.987792956,0.044404731
p.Asp81Ser,-0.363169283,0.134543748
p.Ile131Trp,1.164178752,0.024490229
p.Ser39Thr,0.926792688,0.010816451
p.Met52Trp,0.551566016,0.049370823
p.Thr29Lys,1.090690911,0.019881438
p.Val36Pro,-0.158939655,0.085814896
p.Gly62Leu,0.754034205,0.133744414
p.Glu124Ala,1.037540921,0.03096638
p.Gly99Thr,0.355202121,0.116619028
p.Thr45Glu,1.261687646,0.030471379
p.Met72Trp,0.966830027,0.112654158
p.Gly41Ala,1.03040921,0.033353003
p.Leu40Tyr,-0.187344813,0.08056461
p.Leu106Val,0.010321166,0.302235299
p.Asp23Ala,1.014173942,0.034623369
p.Ala11Glu,-0.2143224,0.178204026
p.Thr63His,0.144374614,0.262184085
p.Asp65Asn,1.183075511,0.012956984
p.Glu124Asn,1.020931188,0.075459474
p.Ala74Glu,0.004421487,0.1190645
p.Lys14Trp,0.776808419,0.16254798
p.Glu12Gln,1.020974875,0.020020598
p.Lys116Ile,1.069226395,0.012479701
p.Pro67Tyr,-0.434063927,0.123455027
p.Arg87Tyr,1.020229128,0.122189829
p.Gln50Trp,0.643815937,0.116301993
p.Met72Gly,-0.282093699,0.115778472
p.Glu15Tyr,0.811831992,0.074609802
p.Leu49Met,0.830385008,0.013803292
p.Lys116Ala,-0.36532525,0.145556043
p.Asp23Cys,-0.199746025,0.136037152
p.Ser39Met,0.916262239,0.131554039
p.Ala129Phe,-0.233815977,0.201940134
p.Gln136Phe,-0.085457963,0.110916293
p.Gln136Pro,0.705362053,0.030205074
p.Glu85Cys,0.704433233,0.064803518
p.Ala2Met,-0.0557192,0.123361529
p.Ile28Cys,-0.072020611,0.287572593
p.Thr6Val,1.276366843,0.034855187
p.Met146Gln,0.821506667,0.186015172
p.Thr29Ile,1.010629951,0.011171499
p.Val143Arg,1.551637747,0.199784073
p.Met146Arg,-0.051466307,0.075581466
p.Gly114His,0.928311318,0.1348651
p.Leu117His,-0.184874293,0.073762029
p.Met72Ala,-0.013946649,0.232940494
p.Leu106Ter,-0.3878119,0.176217097
p.Thr27Met,0.883451341,0.03005265
p.Glu48Val,0.894143956,0.015366532
p.Gln144Thr,0.552311727,0.095932722
p.Gln4=,0.953784496,0.012867453
p.Ala89Glu,-0.135344724,0.054825572
p.Arg38Thr,1.018415482,0.017365238
p.Ile28Tyr,0.926547699,0.133369688
p.Glu46Pro,1.467997481,0.023589811
p.Tyr139Ter,-0.384390717,0.06191526
p.Ile101Trp,-0.202200444,0.136676459
p.Gln136Thr,0.735466568,0.091809365
p.Asp65Trp,1.033968549,0.03358998
p.Ala58His,0.851260336,0.176619596
p.Leu117Trp,-0.373817886,0.211438928
p.Glu128Phe,0.859339656,0.140448683
p.Lys31Thr,0.920009402,0.016883469
p.Asp96Glu,0.841798993,0.013179714
p.Leu40Lys,1.053389599,0.029152545
p.Glu120Met,0.175550829,0.119018356
p.Ala129Val,1.006439727,0.007826634
p.Asp134Ter,0.79960438,0.211447121
p.Leu19Cys,0.466326891,0.127989271
p.Thr30Val,0.124866743,0.126265766
p.Leu49Pro,-0.228367337,0.085585737
p.Asp21His,0.604313289,0.036526709
p.Glu68=,0.757596137,0.032512231
p.Ala129Asp,-0.382570069,0.10299792
p.Lys76Gln,-0.051300409,0.170839549
p.Thr6Met,1.149960666,0.04253946
p.Gln50Met,-0.192950938,0.117935438
p.Gly41Ter,1.225983958,0.132370017
p.Glu85Pro,-0.70187709,0.096014093
p.Glu115Tyr,1.233238105,0.022551977
p.Gly60Glu,-0.310281321,0.139092852
p.Ala74His,0.620156351,0.146308436
p.Ser39Lys,0.323657372,0.058382614
p.Arg75Ser,0.912363153,0.018755922
p.Arg107Gln,0.427096866,0.115871912
p.Gly114Glu,0.367775253,0.070626077
p.Thr27Gly,0.973900663,0.023315631
p.Glu121Leu,-0.802612335,0.145088036
p.Ser39Ile,0.995284707,0.149158547
p.Asp96Ter,1.515217099,0.251154622
p.Glu88Met,0.581452573,0.126376269
p.Phe13Trp,0.841981237,0.034651129
p.Asp65Phe,0.43445556,0.06780824
p.Arg127Asn,0.974067885,0.048512734
p.Thr111Trp,0.036226668,0.12224235
p.Thr147Asp,0.918511552,0.19731763
p.Gly133Met,0.859339656,0.140448683
p.Gly114Asp,0.114380716,0.109428627
p.Phe13Ter,-1.007640192,0.119834687
p.Asn61Ala,1.174282361,0.033342377
p.Tyr139Asn,1.054447334,0.015451481
p.Lys76Gly,-0.145834213,0.086571952
p.Met77Gln,1.388620144,0.030593598
p.Asn98Tyr,0.861845218,0.027714536
p.Lys76Trp,1.189524153,0.068680391
p.Gly114Asn,1.153495465,0.146487648
p.Thr71Arg,0.880473924,0.054508717
p.Phe13Glu,0.534827233,0.124420019
p.Asp134Thr,1.319629195,0.256592298
p.Gly97Thr,0.889651629,0.128709049
p.Asp65Gln,0.880785897,0.036526332
p.Lys22Val,0.83259585,0.046348995
p.Leu40Val,1.117403783,0.026013513
p.Thr147Cys,0.602102433,0.131896177
p.Gly97Tyr,-0.448334927,0.104506332
p.Ala103Gln,0.57992991,0.125362076
p.Pro44Met,-0.14102654,0.111287468
p.Val56Pro,-0.076268465,0.138861184
p.Ile64Ser,0.87327988,0.021463329
p.Arg87Lys,0.667667549,0.116707408
p.Met77Ser,1.216117447,0.064172795
p.Ala16Asp,0.41700936,0.021731268
p.Gln50Tyr,1.285421924,0.206865767
p.Asp134=,0.989504636,0.008605587
p.Thr35Trp,0.957366306,0.082022055
p.His108Asn,1.03500157,0.015610281
p.Phe13Ile,1.037044103,0.01124859
p.Arg38Glu,1.187047218,0.023679189
p.Glu32Ser,1.647830717,0.248937268
p.Lys149Asn,0.961500212,0.012343824
p.Glu12Asn,0.827141178,0.12433082
p.Arg107Met,1.319629195,0.256592298
p.Ile86Asn,0.795817086,0.023720774
p.Ala47Thr,1.02212338,0.010123983
p.Tyr100Pro,-0.298906997,0.115565394
p.Leu5Trp,0.177108166,0.080388657
p.Lys78Met,-0.589485788,0.111551687
p.Asp130Cys,0.790212816,0.024385345
p.Asn112Phe,-0.078647948,0.114474211
p.Thr27His,0.234741693,0.079296121
p.Leu5Ala,0.360946746,0.042491408
p.Gln4His,0.568152692,0.021776606
p.Asn54Val,0.300998357,0.042510902
p.Gly62Trp,0.620675333,0.126922239
p.Ala2Ile,0.405617893,0.171582701
p.Lys95Ala,-0.30566801,0.134219758
p.Ala58Lys,-0.104183919,0.111082175
p.Val122Lys,0.808537098,0.028940842
p.Val122His,0.569229914,0.076207084
p.Ala104Tyr,0.40180485,0.178040698
p.Glu12=,0.980948639,0.018662744
p.Lys14Pro,-0.199061566,0.126837763
p.Thr27Trp,0.384256172,0.044471283
p.Ile131=,0.947947867,0.006989858
p.Asp23Val,0.9913886,0.020161938
p.Ile86Asp,1.20549538,0.164003312
p.Lys149=,1.093481213,0.006164069
p.Val36His,-0.429899463,0.142915852
p.Ala104Lys,0.148409521,0.146572711
p.Val56Arg,0.336256615,0.076601754
p.Glu83Asn,-0.413994792,0.099307209
p.Ala103Tyr,-0.25363696,0.093822385
p.Met37Ter,-0.129080042,0.125172029
p.Met52Lys,0.674497222,0.023090631
p.Gln50Asp,0.27966056,0.121299039
p.Lys76Glu,1.055583071,0.008612063
p.Ile64Asp,0.495837905,0.232617888
p.Gln9His,0.949161449,0.022272778
p.Ser18His,0.206971065,0.118986448
p.Ala11Asp,1.056705623,0.018175552
p.Val56Asn,0.18333178,0.117867631
p.Ile101Phe,1.112069341,0.010199772
p.Ala11Trp,0.666036096,0.290253038
p.Leu40Met,1.129027816,0.01898318
p.Ile86Met,-0.509624873,0.257192095
p.Phe93Tyr,0.932106426,0.016910381
p.Lys14Glu,1.006759287,0.006826997
p.Arg91Gly,0.05613749,0.126442614
p.Ile86Lys,0.482660544,0.15946426
p.Glu85Tyr,0.904178465,0.031144714
p.Arg38His,-0.031805403,0.086968424
p.Thr118Tyr,1.059167183,0.025506536
p.Ala89Met,0.796065538,0.281530445
p.Gly62His,1.151833888,0.065751145
p.Gly41Asn,0.034371181,0.067933125
p.Asp94Ter,0.627012609,0.12416581
p.Gly41Thr,0.67422909,0.126788552
p.Asp81Ter,0.788729101,0.133701564
p.Met77Ala,1.357754439,0.025036035
p.Asp57Thr,0.812493409,0.04323867
p.Asp96Arg,-0.053815762,0.175288727
p.Met125Glu,0.193197346,0.065257053
p.Asp96Ser,0.3509022,0.139509783
p.Ile126Ter,-0.214992248,0.113617646
p.Glu88Gln,0.956027371,0.024721499
p.Leu106Ile,1.180623697,0.028704094
p.Val109Ter,-0.316963983,0.217728867
p.Lys78Glu,1.027074596,0.00676015
p.Ala148Ter,0.988167411,0.081851286
p.Gly34Gln,0.264709783,0.191008816
p.Leu106Lys,0.148592933,0.070924856
p.Met72Asn,1.060421308,0.064033695
p.Glu88Trp,1.193334061,0.261239511
p.Ala16Cys,0.101849989,0.047141161
p.Asp51His,-0.033400748,0.116594124
p.Thr45Tyr,0.034882644,0.129063882
p.Arg87Asn,0.788825544,0.09723395
p.Leu40Gly,0.197110678,0.241945678
p.Asp3Leu,0.754799578,0.047811897
p.Leu106Trp,1.044492953,0.162267884
p.Asp130=,1.007455214,0.007241888
p.Phe13Pro,-0.33967841,0.149867083
p.Val122Asn,-0.479596084,0.109905707
p.Glu140Tyr,1.025144898,0.123812777
p.Ile10Gly,0.227782422,0.068264097
p.Thr35Met,-0.011658218,0.112749003
p.Asp134His,-0.150070166,0.160890868
p.Glu128Ile,0.947188562,0.183457248
p.Gln136Asn,0.722942795,0.12831901
p.Glu85His,0.325774115,0.065632026
p.Asp21Asn,0.861872091,0.017343205
p.Phe142His,0.5890206,0.145829843
p.Gly26Cys,0.901451018,0.013432021
p.Gly99Asp,1.042093836,0.012427891
p.Gln4Thr,0.352179172,0.192301473
p.Leu19Thr,0.434235046,0.151239829
p.Glu84Cys,0.363456476,0.137312197
p.Ala74Lys,0.439295303,0.139580032
p.Arg107Lys,1.153495465,0.146487648
p.Met73Glu,0.748730799,0.044357543
p.Glu55Asp,0.941353724,0.013283685
p.Glu46Phe,0.155730786,0.081739715
p.Glu12Val,0.716223464,0.018840541
p.Glu124Tyr,0.103355752,0.125306797
p.Ala58Arg,-0.067119934,0.113624862
p.Gln9=,0.619286763,0.016979676
p.Leu33Asn,-0.740335695,0.19072217
p.Asn61Lys,0.71154631,0.013131136
p.Asp65Tyr,1.084727271,0.017081421
p.Gly133Ile,-0.267928494,0.114037672
p.Ser102Trp,1.407337377,0.015434434
p.Leu49His,1.285421924,0.257767204
p.Phe17Gln,1.338108998,0.255983939
p.Leu33Ala,1.155837272,0.029592035
p.Thr63Asp,0.276554669,0.074341232
p.His108Lys,0.549617937,0.143353582
p.Thr27Cys,-0.029204726,0.109892649
p.Ser82Asp,-0.35272764,0.20902142
p.Asp3Phe,-0.375442696,0.099096298
p.Ile126His,0.851488923,0.142951994
p.Gly24Thr,0.843664888,0.148047796
p.Gly60Tyr,0.920388335,0.042528781
p.Glu68Val,0.450495713,0.044101608
p.Gly97Lys,1.278199946,0.022054933
p.Glu12Trp,0.664850699,0.187483506
p.Asp81Ile,0.582980441,0.213441623
p.Ala16Gln,0.635941007,0.03121666
p.Asp94Gln,0.216903651,0.122833319
p.Asp94Tyr,0.671988693,0.037963292
p.Val143Pro,1.214957082,0.131341232
p.Met145Arg,0.070552955,0.050450236
p.Ala74Cys,0.130128741,0.224565841
p.Ile101Lys,-0.28184913,0.112197082
p.Thr63Trp,0.40997612,0.041783489
p.Thr71Phe,0.053266798,0.115346527
p.Ala2Phe,1.227134639,0.058946968
p.Glu8Gln,-0.266823022,0.184006825
p.Arg107Phe,0.184339686,0.051542322
p.Leu70Lys,1.088245558,0.075904945
p.Asn98Lys,1.09421877,0.016384168
p.Arg107Ile,-0.064778117,0.114985434
p.Glu120Ser,1.185190354,0.020729215
p.Val137Thr,0.772713895,0.134364225
p.Thr45Met,0.194435564,0.161948736
p.Phe69Trp,0.188761065,0.151661651
p.Gly41Ile,0.169965098,0.156886733
p.Gly99Lys,1.50305578,0.251423834
p.Glu7Asp,1.109003547,0.009459821
p.Asp51Thr,0.547769639,0.127907299
p.Asn138Asp,1.002528851,0.006011017
p.Arg38Phe,0.073440827,0.140790411
p.Glu15Gln,0.829038118,0.020977734
p.Pro67Asn,0.062954521,0.123321003
p.Pro67Cys,0.134590767,0.130733041
p.Ala47Phe,0.113614881,0.096913104
p.Glu141Leu,-0.338562318,0.153101285
p.Thr29Phe,0.602229231,0.055934961
p.Phe90Ser,0.065184072,0.014518163
p.Val92Phe,1.085476262,0.01243212
p.Glu124Met,0.198079186,0.118434945
p.Ile126Phe,0.816556567,0.029237094
p.Gln9Val,0.239219985,0.076229557
p.Thr35Asn,0.505185578,0.033330072
p.Asp81Asn,0.864409481,0.014481948
p.Asn43Ser,1.096276629,0.005241998
p.Val109Met,0.913931674,0.072262826
p.Ile64Trp,0.490286336,0.153064474
p.Gly41Phe,1.483253938,0.251883305
p.Met37Lys,0.912076513,0.029319775
p.Asp123Tyr,0.956160491,0.012419237
p.Leu70Pro,-0.570551469,0.080233028
p.Ala16Phe,0.546436672,0.037568711
p.Asp3=,0.89799637,0.012770105
p.Thr118Gln,1.629350914,0.249159398
p.Asp134Glu,1.075044963,0.015767349
p.Asp96Ile,0.035646624,0.096188873
p.Arg75Tyr,1.016175578,0.145307691
p.Lys116Trp,1.629350914,0.249159398
p.Phe17Asp,0.434235046,0.151239829
p.Asn43Ter,1.285421924,0.318874641
p.Glu115Gln,0.620105311,0.051664139
p.Gly97Trp,-0.173371435,0.147436048
p.Arg38Ter,-0.538525297,0.111279303
p.Ala11Lys,1.156933406,0.262735491
p.Ala103Ile,0.922070272,0.057494804
p.Thr80Asn,0.158543988,0.060980648
p.Lys31Pro,-0.190292467,0.047003611
p.Tyr100Gln,1.391134068,0.017304958
p.Gln9Asn,-0.342000764,0.098981772
p.Asp23Lys,1.420871883,0.031015101
p.Gly135Pro,0.722942795,0.12831901
p.Asn98Met,1.237288017,0.041202891
p.Arg127His,0.110958631,0.148323656
p.Phe20Arg,1.647830717,0.248937268
p.Glu115Trp,0.361206853,0.143982869
p.Glu121Cys,-0.456886307,0.139059591
p.Gly26Tyr,0.352767577,0.150925328
p.Phe90Gly,0.791161221,0.154684172
p.Glu48Asn,0.666463861,0.038293402
p.Asn138Val,1.030843553,0.030569084
p.Thr30Trp,-0.323968701,0.162499267
p.Met125Ter,-0.430337351,0.162609582
p.Ala148Phe,1.551637747,0.25041001
p.Met72Phe,1.229092048,0.123088681
p.Asn43Trp,0.303830319,0.119840794
p.Ala103Asp,0.961752668,0.075583379
p.Val36Ile,1.000139618,0.011991807
p.Glu115=,0.848871827,0.025205976
p.Met73Gly,1.50305578,0.251423834
p.Lys95Gln,1.053144891,0.012824779
p.Glu8Asn,1.338108998,0.206338249
p.Glu7Asn,-0.102538168,0.156378537
p.Asp119=,0.989288247,0.006208846
p.Gln144Asn,0.134082452,0.170132178
p.Asp3Ser,0.228049491,0.080701933
p.Asp65Ter,0.841002485,0.048465029
p.Pro67Trp,0.77382093,0.192900579
p.Asn43Gly,0.535916411,0.082699145
p.Lys14Val,-0.154253844,0.136209797
p.Asp130Glu,0.909065721,0.024811571
p.Met145Lys,0.778240431,0.039734054
p.Phe90Asn,1.515217099,0.251154622
p.Asn43Val,0.699443878,0.223500356
p.Asn98Arg,0.886621782,0.146181489
p.Asp65Met,0.842474966,0.048209103
p.Ala47Met,1.230206369,0.047794788
p.Val109Arg,0.928311318,0.1348651
p.Leu33Ser,0.820738242,0.017051529
p.Gly133Cys,-0.15888813,0.126897665
p.Asp3Tyr,0.583623613,0.035690722
p.Leu5Thr,1.139160054,0.047610728
p.Met73Phe,1.2131827,0.024165933
p.Glu121Asp,1.010930638,0.01190464
p.Asp94Lys,-0.257155942,0.211988518
p.Glu7His,0.12592867,0.139445195
p.Gly41Cys,0.785112945,0.02618993
p.Gly41Asp,1.038090848,0.010366996
p.Glu124Cys,1.629350914,0.249159398
p.Arg127Cys,-0.125121031,0.126538355
p.Asp57Cys,0.506949816,0.056324275
p.Glu84Pro,0.297831791,0.132294037
p.Gly97Glu,1.038913737,0.036810244
p.Ile131His,1.129892263,0.036686758
p.Val36=,1.018947454,0.005425757
p.Ile53His,1.595143642,0.249649622
p.Ile126Gln,-0.049974576,0.09680969
p.Ile126Met,1.145673629,0.017642248
p.Phe66=,0.968455587,0.005687217
p.Arg107Tyr,-0.219264154,0.124538485
p.Thr6Glu,0.778331925,0.282653998
p.Glu84Phe,0.790541467,0.088077446
p.Met145Glu,0.501068757,0.124635005
p.Lys95Met,0.176531632,0.107781356
p.Thr63Met,0.187878316,0.05304314
p.Val109Gln,0.440505352,0.126860455
p.Gln50=,0.536376463,0.018248064
p.Glu85Trp,-0.511525916,0.139259291
p.Asn61Tyr,0.770110548,0.020005218
p.Phe13Gln,-0.0797565,0.075164894
p.Gln4Trp,-0.70913669,0.240710232
p.Leu70Asp,-0.067582578,0.121128085
p.Asp59Leu,1.103922004,0.247621139
p.Gly114Cys,0.243051206,0.150093185
p.Met72Lys,0.508349506,0.056361401
p.Asn43=,0.942744386,0.006140716
p.Asp81Cys,0.898518752,0.039136108
p.Val122Trp,0.33076612,0.042566993
p.Glu46Gly,1.008826172,0.006277596
p.Leu33Glu,-0.349259288,0.149265483
p.Leu106Phe,0.722942795,0.12831901
p.Glu68Asp,0.828720317,0.011790353
p.Lys14His,0.04363504,0.131446853
p.Gly135Phe,-0.224945937,0.107824796
p.Phe93Ter,1.50305578,0.251423834
p.Ile131Lys,0.478249056,0.060093625
p.Leu49Lys,0.095181909,0.154727964
p.Pro67Glu,0.638453265,0.14603474
p.Ile131Met,1.017881273,0.014426926
p.Asn112Ala,0.156544591,0.129257789
p.Glu48Tyr,0.952475458,0.064757453
p.Glu48=,0.9949565,0.009900507
p.Ala58Glu,1.159165663,0.028186048
p.Lys22Cys,1.021295509,0.025325655
p.Gly60Arg,0.790777989,0.03521386
p.Asn61=,1.089166938,0.015218187
p.Leu5Asp,0.460950482,0.056932997
p.Ser18Tyr,0.836783406,0.024791112
p.Asp119Pro,-0.008215412,0.101598721
p.Glu85Ile,1.155430413,0.029923829
p.Asp51Lys,0.18333178,0.136524803
p.Ile64Ter,1.595143642,0.249649622
p.Ile126Gly,-0.612115957,0.098689212
p.Phe69Ter,0.495837905,0.147890898
p.Glu15Phe,-0.240251474,0.121468938
p.Tyr100Cys,0.899343315,0.011108369
p.Leu33Trp,-0.682917938,0.103320217
p.Val143Lys,1.272383298,0.035664695
p.Glu83Ile,-0.117877563,0.19593612
p.Glu15Trp,0.466453732,0.090065268
p.Glu140Phe,0.323858993,0.086831391
p.Lys14=,0.673265274,0.012216093
p.Gln42Tyr,0.689104279,0.300644239
p.His108Val,1.032664514,0.130355729
p.Ala11Tyr,-0.546988543,0.12870971
p.Glu141Trp,0.376564323,0.190275969
p.Ala74Ile,-0.112906355,0.140881348
p.Lys76Asp,0.697550897,0.081800359
p.Arg75Trp,0.631739477,0.149929578
p.Tyr139Trp,0.839691502,0.063197079
p.Asn61Phe,0.181687545,0.120105169
p.Ala104Asp,-0.139416785,0.11780684
p.Gln144=,0.931665698,0.009336135
p.Asp119Ter,0.598153835,0.080027678
p.Asn61Arg,0.199821643,0.153228522
p.Lys149Ser,0.666535278,0.156855445
p.Ala2Asn,1.246577091,0.023255876
p.Glu85Ala,0.740255894,0.045402689
p.Lys22=,0.969989607,0.00789365
p.Gln42Asn,0.310953615,0.124972961
p.Asp123Pro,0.839404986,0.078816668
p.Glu7=,0.99136051,0.00612777
p.Phe17His,0.733609923,0.242763998
p.Asp94Met,0.090555262,0.121925886
p.Ala11Gln,0.405617893,0.138792837
p.His108Gln,0.981774242,0.020586423
p.Ala47Glu,1.187155637,0.02551643
p.Asn138Ala,0.691397356,0.120232319
p.Ala11Ter,-0.308089172,0.13812468
p.Leu40Phe,0.071938211,0.063928003
p.Gly34Asn,0.353946719,0.125103145
p.Leu113Trp,-0.06378593,0.159312786
p.Gln9Phe,1.312646926,0.020945071
p.Gly41Trp,0.916262239,0.131554039
p.Ser82Tyr,0.218254826,0.121740521
p.Asp3Gln,1.370400383,0.043866617
p.Gly24Tyr,0.624831613,0.194846757
p.Thr80Tyr,0.246681106,0.077038712
p.Thr63Glu,0.179841707,0.102357815
p.Asp51Phe,1.595143642,0.249649622
p.Leu117Met,-0.510412755,0.113934273
p.Ala58Trp,-0.221199006,0.157263645
p.Ile101His,0.57992991,0.125362076
p.Phe90Ter,0.889651629,0.128709049
p.Glu140Met,1.059242642,0.036297883
p.Asp23Ile,-0.01359909,0.127651479
p.Gln42Met,0.033006701,0.117131196
p.Asp59Thr,1.595143642,0.249649622
p.Lys31Cys,-0.446141525,0.173985407
p.Val143His,0.312889206,0.124813987
p.Gly41His,0.046763447,0.124601234
p.Leu5Met,0.94990109,0.015287998
p.Glu83Cys,-0.041031019,0.13399945
p.Ile28Gln,-0.246582294,0.114194662
p.Gly135Asn,0.507800905,0.12459725
p.Met125Asn,-0.65178953,0.201947968
p.Ser39Trp,1.228984594,0.103493511
p.Asp25Lys,0.095233945,0.142562851
p.Ala11Cys,0.785940909,0.038206688
p.Ser18Phe,1.005533813,0.003791637
p.Glu121Gln,0.613609503,0.046945761
p.Glu120Pro,1.676086482,0.196579377
p.Asn112=,0.990146338,0.008687892
p.Ser82His,1.193334061,0.217761175
p.Lys14Phe,-0.284067847,0.106844759
p.Val36Met,0.844692977,0.046893717
p.Glu84Ser,-0.127128589,0.135814138
p.Ala89Cys,0.376240024,0.061661505
p.Met110Pro,0.264195922,0.267292049
p.Glu32=,1.043975959,0.005874612
p.Ile126Glu,0.09677623,0.261368481
p.Asp119Trp,0.715248435,0.041417312
p.Asp21Ter,0.72921387,0.04046943
p.Asp23Pro,0.264226567,0.122215534
p.Tyr100Lys,0.270968874,0.141691665
p.Ile131Asn,1.13564343,0.014432133
p.Asp123His,0.35242533,0.036499316
p.Glu115Lys,0.950271518,0.009963677
p.Ala74Gln,0.383425195,0.075484016
p.Leu70Trp,0.994093267,0.02022705
p.Arg127Lys,0.870451366,0.016387277
p.Asp119Phe,0.763510738,0.044800768
p.Lys95Trp,0.889651629,0.133016091
p.Met110Lys,0.529164882,0.02193161
p.Val36Ter,-0.463028017,0.141375847
p.Phe13Met,-0.376174388,0.095335035
p.Asp132Phe,1.152629702,0.03251844
p.Asp130Phe,-0.192687965,0.056096391
p.Ala2His,0.406281105,0.122147133
p.Asp57=,1.0984681,0.007136488
p.Asn98Ala,0.889651629,0.160065073
p.Asp3Ter,0.663668438,0.129360849
p.Leu106Asp,1.676086482,0.248659912
p.Glu120Phe,1.188162722,0.03117621
p.Asn98Gln,0.088526197,0.118740475
p.Ile131Tyr,0.929819806,0.045172116
p.Glu7Trp,1.647830717,0.248937268
p.Glu12Met,-0.014635267,0.124559944
p.Thr35Glu,0.499265694,0.126048326
p.Gln50Glu,0.96339311,0.013039117
p.Ile86Glu,0.358215995,0.13773242
p.Asp51Pro,0.253653429,0.161457314
p.Asp79Thr,0.043897655,0.041819892
p.Glu115Cys,0.504209116,0.150555899
p.Glu128=,1.044134212,0.006005998
p.Ala47Cys,0.45350818,0.093379219
p.Asp51Cys,-0.278638266,0.115322575
p.Ala16Glu,-0.000503866,0.055875099
p.Lys116Tyr,0.345137165,0.103755785
p.Glu121Tyr,0.895522403,0.03032212
p.Val109Glu,-0.237761611,0.135471613
p.Tyr100Trp,-0.041409588,0.143791785
p.Ala148Gln,1.49925424,0.251510032
p.Gly114Tyr,0.349716248,0.082586201
p.Leu5Asn,0.105204864,0.098054342
p.Met52Phe,-0.185551542,0.127660985
p.Ser39Phe,-0.481730667,0.199907078
p.Tyr100Asn,1.029169988,0.020079691
p.Gln4Met,0.61682598,0.132031896
p.Asp59Phe,0.993939605,0.106889877
p.Thr71Met,1.259653614,0.02146242
p.Asp25Cys,1.156933406,0.287255878
p.Glu8Ser,0.843664888,0.140737026
p.Glu121Ile,0.352709264,0.050026271
p.Phe20Pro,0.251043751,0.117887391
p.Glu68Phe,-0.08826668,0.118838079
p.Phe13Tyr,1.081708861,0.017234231
p.Phe66Asn,0.380997234,0.155095801
p.Ala47Lys,0.783724147,0.052016903
p.Ser18Trp,0.811169094,0.074911878
p.Met37Trp,1.174956958,0.068545369
p.Ile126Asp,0.509255032,0.258862652
p.Ala58Asn,0.167428859,0.137412934
p.Glu115Asn,0.627690249,0.046562682
p.Gly97Ter,-0.56664411,0.104740162
p.Phe142Trp,0.380589242,0.122085165
p.Leu113Glu,0.204638882,0.07118732
p.Ala103Met,1.244289166,0.035795441
p.Ile10Phe,0.869003611,0.01242023
p.Leu70Asn,1.313622284,0.037727977
p.Ser102Phe,0.362242318,0.123021241
p.Tyr100=,1.081750289,0.008153577
p.Ala2Leu,0.843664888,0.148047796
p.Asp123Phe,0.946214561,0.030946754
p.Ala11Phe,0.646798287,0.074570152
p.Gly62Ter,1.483253938,0.251883305
p.Val122Ter,-0.189391003,0.112679869
p.Gly62Met,0.829662335,0.113936927
p.Ile101Gln,0.109904046,0.14096792
p.Ile10Asp,0.199653006,0.094259931
p.Asn54Ter,-0.271093702,0.074103184
p.Met125Lys,-0.10985663,0.088784965
p.Ala16Met,1.003592819,0.018338407
p.Val56Lys,1.443413573,0.030483686
p.Lys116Phe,0.112139903,0.12400352
p.Glu32Asn,0.841901989,0.327878568
p.Val56Gln,1.063755924,0.166412263
p.Gly114Phe,0.202357252,0.163066089
p.Lys116=,0.964104431,0.007089075
p.Asp134Met,0.851488923,0.129392409
p.Met110Glu,0.023039654,0.127619747
p.Gln144Trp,0.458082899,0.147796257
p.Phe17Met,-0.265349107,0.112322097
p.Glu15Met,-0.061507837,0.150599242
p.Gly34Lys,0.18729496,0.030074942
p.Ser18Asn,1.647830717,0.248937268
p.Val137Gln,0.365810079,0.154309839
p.Ala103Asn,1.159690652,0.024240893
p.Pro44His,0.853927081,0.064545851
p.Thr27Glu,0.488222262,0.06282649
p.Leu70Gln,-0.069120861,0.068025735
p.Gly133Trp,-0.273529174,0.11508872
p.Gly24Asp,1.010123544,0.010101775
p.Asn43His,1.118829447,0.030380587
p.Gly24Phe,0.928679156,0.273750184
p.Phe93Trp,0.788729101,0.133701564
p.Gly133Tyr,1.676086482,0.248659912
p.Asp59Ala,1.037724156,0.019778423
p.Gln136Trp,-0.221384889,0.140263228
p.Thr118Cys,-0.503662612,0.113667311
p.Val137Pro,1.021141135,0.176389471
p.Thr71Asp,-0.150403424,0.112039207
p.Gln42Cys,0.329382586,0.122524595
p.Glu120Gln,0.006904873,0.271634715
p.Phe93=,1.000428023,0.005447273
p.Glu83Tyr,0.241242518,0.095474053
p.Ala16Trp,0.908997,0.024679749
p.Glu105Phe,0.485112684,0.24483756
p.Glu121Phe,0.318206822,0.125946512
p.Thr111Cys,0.674589386,0.081364352
p.Thr111Asp,-0.224945937,0.107824796
p.Asp134Gln,0.788815079,0.183659374
p.His108=,0.968110873,0.008567817
p.Val143Ile,0.987272732,0.011295708
p.Asn112Pro,0.836189524,0.211749502
p.Asn138His,0.91177043,0.021340661
p.Glu120=,1.042312335,0.006289993
p.Ile86Pro,0.89270216,0.2088574
p.Glu48His,0.234334059,0.156887482
p.Glu55Asn,0.751971919,0.027027252
p.Ile10Glu,0.828359955,0.063046039
p.Met146Glu,0.501068757,0.145288791
p.Ala129Asn,0.025483745,0.117544927
p.Arg127Tyr,0.246015847,0.138966693
p.Glu46His,0.527876695,0.12529461
p.Asn61His,-0.127931097,0.183059891
p.Lys95His,1.167001831,0.063047402
p.Glu88Ter,-0.632289306,0.169176861
p.Asp3Lys,1.039397921,0.035174064
p.Phe20Ala,-0.111757399,0.134405748
p.Lys78His,0.091663206,0.060003886
p.Ala58Met,0.197110678,0.16050282
p.Phe90His,0.706453859,0.192128981
p.Glu48Trp,1.093737196,0.026722594
p.Leu5Glu,0.70954059,0.029619558
p.Thr27Ter,-0.510130043,0.170977381
p.Met146Gly,1.214957082,0.131341232
p.Asp123Cys,0.214946169,0.059819467
p.Phe142Glu,0.810790476,0.131640979
p.Phe142Lys,0.732866592,0.141429132
p.Lys31=,0.911706822,0.013355635
p.Ile64Met,0.909133045,0.013717884
p.Arg91Met,0.883612342,0.27627407
p.Gln42Trp,0.302893802,0.083805491
p.Thr71Tyr,-0.080076149,0.118384813
p.Ala2Trp,0.119234407,0.109990943
p.Glu46Asn,-0.273723044,0.128350548
p.Gln50Gly,0.411534346,0.186808107
p.Glu68Cys,0.873968924,0.048596721
p.Arg87Thr,0.527976545,0.125286591
p.Leu5Tyr,-0.313003177,0.126962472
p.Thr27Gln,0.10698383,0.295637554
p.Lys76=,1.02582913,0.00851657
p.Asp21Trp,1.052575475,0.061624558
p.Gly24Asn,0.353148408,0.037170033
p.Met110Asn,0.077785654,0.127118097
p.Phe17Glu,0.406281105,0.122147133
p.Lys116His,1.302446345,0.056775178
p.Glu12Cys,1.338108998,0.255983939
p.Glu15=,1.026500018,0.005141481
p.Glu120His,1.107301921,0.068382163
p.Asp79=,0.985130109,0.008004298
p.Gln136Met,-0.352816267,0.118625109
p.Glu121=,0.953289831,0.007627893