"hgvs_pro","score","sd","se"
"p.Ala126=",0.95203,0.120808,0.085424
"p.Ala126Ser",0.691108,0.060314,0.042648
"p.Ala126Thr",0.866635,0.097407,0.068877
"p.Ala126Val",0.816204,0.049399,0.034931
"p.Ala128=",1.01983,0.029597,0.020928
"p.Ala128Pro",0.380707,0.101859,0.072025
"p.Ala128Ser",0.955316,0.049514,0.035012
"p.Ala128Thr",1.070585,0.041579,0.029401
"p.Ala128Val",1.048269,0.058376,0.041278
"p.Ala148=",1.093209,0.041634,0.02944
"p.Ala148Pro",0.253873,0.147077,0.103999
"p.Ala148Ser",1.107434,0.050165,0.035472
"p.Ala148Thr",0.96782,0.030272,0.021405
"p.Ala148Val",0.564329,0.125919,0.089038
"p.Ala188=",1.040158,0.038711,0.027373
"p.Ala188Gly",0.823054,0.0924,0.065337
"p.Ala188Ser",0.577584,0.13172,0.09314
"p.Ala188Thr",0.994963,0.035114,0.024829
"p.Ala188Val",0.418703,0.056142,0.039698
"p.Ala190=",0.918926,0.029733,0.021025
"p.Ala190Ser",0.878347,0.069474,0.049125
"p.Ala190Thr",0.805595,0.074212,0.052476
"p.Ala190Val",0.717711,0.108151,0.076474
"p.Ala217=",0.871928,0.032936,0.02329
"p.Ala217Ser",0.795129,0.035082,0.024807
"p.Ala217Thr",0.949426,0.053253,0.037655
"p.Ala217Val",0.869216,0.042813,0.030274
"p.Ala239=",1.172538,0.033722,0.023845
"p.Ala239Ser",0.643115,0.082714,0.058487
"p.Ala239Thr",0.679033,0.089327,0.063164
"p.Ala239Val",1.005704,0.043473,0.03074
"p.Ala243=",0.981225,0.038518,0.027236
"p.Ala243Ser",0.449838,0.089378,0.0632
"p.Ala243Thr",0.345249,0.042701,0.030194
"p.Ala243Val",0.353259,0.107843,0.076257
"p.Ala275=",1.006679,0.042434,0.030006
"p.Ala275Ser",0.593229,0.068585,0.048497
"p.Ala275Thr",0.907691,0.053375,0.037742
"p.Ala275Val",0.944434,0.027246,0.019266
"p.Ala294=",1.006406,0.035412,0.02504
"p.Ala294Ser",1.067035,0.049232,0.034812
"p.Ala294Thr",0.681053,0.065442,0.046275
"p.Ala294Val",1.112056,0.04074,0.028807
"p.Ala314=",0.722717,0.048879,0.034563
"p.Ala314Ser",0.791977,0.036849,0.026056
"p.Ala314Thr",0.899843,0.028375,0.020064
"p.Ala314Val",0.941798,0.0446,0.031537
"p.Ala340=",1.076441,0.025701,0.018173
"p.Ala340Ser",0.472827,0.179359,0.126826
"p.Ala340Thr",1.22014,0.058192,0.041148
"p.Ala340Val",1.220752,0.050551,0.035745
"p.Ala344=",0.928449,0.017934,0.012681
"p.Ala344Thr",0.829152,0.053808,0.038048
"p.Ala344Val",0.813119,0.056614,0.040032
"p.Ala345=",0.799148,0.040805,0.028853
"p.Ala345Ser",0.760354,0.075379,0.053301
"p.Ala345Thr",0.84682,0.062162,0.043955
"p.Ala345Val",0.900974,0.041068,0.02904
"p.Ala351=",1.198749,0.047174,0.033357
"p.Ala351Asp",0,0.237691,0.168073
"p.Ala351Ser",0.439944,0.074204,0.05247
"p.Ala351Thr",0.826159,0.082105,0.058057
"p.Ala351Val",0.938027,0.083646,0.059147
"p.Ala353=",1.091211,0.048932,0.0346
"p.Ala353Ser",0.175713,0.126216,0.089248
"p.Ala353Thr",0.999074,0.06547,0.046294
"p.Ala353Val",1.087909,0.034948,0.024712
"p.Ala369=",1.078924,0.032705,0.023126
"p.Ala369Ser",0.639281,0.066838,0.047262
"p.Ala369Thr",0.67462,0.043021,0.030421
"p.Ala369Val",1.076734,0.048738,0.034463
"p.Ala382=",1.062161,0.045176,0.031944
"p.Ala382Ser",0.790295,0.073624,0.05206
"p.Ala382Thr",1.033684,0.060423,0.042725
"p.Ala382Val",0.933848,0.067123,0.047463
"p.Ala406=",0.97717,0.052991,0.03747
"p.Ala406Asp",0.363019,0.085716,0.06061
"p.Ala406Ser",0.197685,0.069716,0.049296
"p.Ala406Thr",0.966458,0.053825,0.03806
"p.Ala406Val",0.787335,0.048833,0.03453
"p.Ala425=",1.017334,0.030322,0.021441
"p.Ala425Asp",0.165772,0.088569,0.062628
"p.Ala425Ser",0.87022,0.082253,0.058162
"p.Ala425Thr",1.170568,0.040948,0.028954
"p.Ala425Val",0.933761,0.103363,0.073089
"p.Ala428=",0.926014,0.087656,0.061982
"p.Ala428Ser",0.744412,0.053476,0.037813
"p.Ala428Thr",1.03778,0.096488,0.068228
"p.Ala428Val",1.15638,0.064521,0.045623
"p.Ala445=",1.138194,0.038659,0.027336
"p.Ala445Gly",1.161143,0.076165,0.053857
"p.Ala445Ser",1.041928,0.062967,0.044524
"p.Ala445Val",1.035368,0.068757,0.048618
"p.Ala83=",1.039257,0.030316,0.021436
"p.Ala83Ser",1.047351,0.060906,0.043067
"p.Ala83Thr",0.913998,0.083527,0.059062
"p.Ala83Val",0.908508,0.092107,0.065129
"p.Arg138=",1.016648,0.04594,0.032485
"p.Arg138Gln",0.873915,0.051686,0.036547
"p.Arg138Leu",1.009095,0.035972,0.025436
"p.Arg138Trp",0.873558,0.057946,0.040974
"p.Arg139=",0.934479,0.087474,0.061853
"p.Arg139Cys",0.912435,0.05535,0.039139
"p.Arg139His",0.868408,0.053622,0.037917
"p.Arg139Leu",0.672861,0.11287,0.079811
"p.Arg139Pro",0.629175,0.088612,0.062658
"p.Arg141=",0.868695,0.05133,0.036296
"p.Arg141Cys",0.717087,0.058795,0.041575
"p.Arg141His",0.723381,0.055339,0.039131
"p.Arg141Leu",1.028858,0.062511,0.044202
"p.Arg141Pro",0.856138,0.08577,0.060648
"p.Arg141Ser",0.5265,0.08533,0.060337
"p.Arg169=",1.159839,0.036462,0.025783
"p.Arg169Cys",0.76794,0.026961,0.019064
"p.Arg169His",0.595219,0.067786,0.047932
"p.Arg169Leu",1.002371,0.053195,0.037614
"p.Arg169Ser",0.274336,0.121306,0.085776
"p.Arg173=",1.069222,0.033134,0.023429
"p.Arg173Gln",1.003187,0.042373,0.029962
"p.Arg173Leu",0.989256,0.036851,0.026058
"p.Arg173Pro",0.214403,0.10091,0.071354
"p.Arg173Trp",0.7717,0.043448,0.030722
"p.Arg193=",0.699708,0.112836,0.079787
"p.Arg193Cys",0.929196,0.04271,0.030201
"p.Arg193His",1.061372,0.031821,0.022501
"p.Arg193Leu",0.924223,0.062633,0.044288
"p.Arg193Pro",1.035549,0.07794,0.055112
"p.Arg208=",1.092128,0.056651,0.040058
"p.Arg208Cys",0.858456,0.032538,0.023008
"p.Arg208His",0.62149,0.035198,0.024889
"p.Arg208Leu",0.752351,0.056565,0.039998
"p.Arg218=",0.775471,0.029202,0.020649
"p.Arg218Gln",0.943406,0.020092,0.014207
"p.Arg218Gly",0.635334,0.089649,0.063392
"p.Arg218Leu",0.915357,0.038316,0.027094
"p.Arg218Pro",0.794518,0.078838,0.055747
"p.Arg218Trp",0.885794,0.033219,0.023489
"p.Arg240=",0.937389,0.051884,0.036687
"p.Arg240Gly",0.239028,0.039358,0.02783
"p.Arg276=",1.240999,0.066391,0.046946
"p.Arg276Cys",0.908686,0.040422,0.028583
"p.Arg276His",0.860213,0.040486,0.028628
"p.Arg276Leu",0.754689,0.050475,0.035691
"p.Arg290=",1.125307,0.027881,0.019715
"p.Arg290Cys",0.714635,0.055194,0.039028
"p.Arg290His",0.953347,0.038921,0.027521
"p.Arg290Leu",0.930805,0.03966,0.028044
"p.Arg290Ser",0.169632,0.071063,0.050249
"p.Arg292=",0.940804,0.041595,0.029412
"p.Arg292Gln",1.026823,0.049092,0.034713
"p.Arg292Leu",0.934082,0.027297,0.019302
"p.Arg292Pro",0.561768,0.099973,0.070692
"p.Arg292Trp",0.906797,0.034639,0.024493
"p.Arg299=",1.104113,0.05042,0.035652
"p.Arg299Cys",0.049647,0.060982,0.043121
"p.Arg299His",0.60071,0.055426,0.039192
"p.Arg299Leu",0.095274,0.07857,0.055557
"p.Arg328=",0.816215,0.064518,0.045621
"p.Arg328Gly",0.878043,0.023422,0.016562
"p.Arg328Met",0.455498,0.058789,0.04157
"p.Arg328Ser",0.674341,0.081076,0.057329
"p.Arg35=",0.980511,0.050985,0.036052
"p.Arg35Gln",0.88683,0.029727,0.02102
"p.Arg35Leu",0.844604,0.035539,0.02513
"p.Arg35Trp",0.632426,0.039796,0.02814
"p.Arg423=",0.986411,0.050543,0.035739
"p.Arg423Cys",1.05775,0.11708,0.082788
"p.Arg423His",0.907596,0.03603,0.025477
"p.Arg423Leu",0.984159,0.04502,0.031834
"p.Arg436=",1.037738,0.073075,0.051672
"p.Arg436Cys",0.585786,0.062462,0.044167
"p.Arg436His",0.832076,0.068502,0.048438
"p.Arg436Leu",0.883753,0.042745,0.030225
"p.Arg55=",0.892536,0.033047,0.023368
"p.Arg55Cys",0.872448,0.06562,0.0464
"p.Arg55His",0.959118,0.108048,0.076401
"p.Arg55Leu",0.94742,0.116206,0.08217
"p.Arg55Ser",0.753571,0.090073,0.063691
"p.Arg68=",0.891099,0.028985,0.020496
"p.Arg68Gln",0.766564,0.045294,0.032027
"p.Arg68Leu",0.805927,0.037501,0.026517
"p.Arg68Ter",0.054458,0.085485,0.060447
"p.Arg70=",1.052319,0.034796,0.024605
"p.Arg70Gln",0.98763,0.058113,0.041092
"p.Arg70Leu",0.753236,0.066391,0.046946
"p.Arg70Ter",0.165728,0.076548,0.054128
"p.Arg98=",1.117842,0.060718,0.042934
"p.Arg98Cys",0.754125,0.047179,0.03336
"p.Arg98His",1.060275,0.044481,0.031453
"p.Arg98Leu",0.762777,0.042145,0.029801
"p.Arg98Ser",0.39941,0.061626,0.043576
"p.Asn130=",1.158851,0.048703,0.034439
"p.Asn130Asp",0.858242,0.050623,0.035796
"p.Asn130Ser",1.183563,0.063666,0.045018
"p.Asn149=",1.191793,0.077587,0.054862
"p.Asn149Asp",0.946638,0.068376,0.048349
"p.Asn149Ser",0.961517,0.033568,0.023736
"p.Asn153=",1.029718,0.060798,0.042991
"p.Asn153Asp",1.055851,0.032519,0.022995
"p.Asn153Ser",1.143664,0.043567,0.030806
"p.Asn207=",1.017555,0.070115,0.049579
"p.Asn207Asp",0.715415,0.028959,0.020477
"p.Asn207Ser",1.045658,0.034469,0.024373
"p.Asn252=",0.954956,0.135645,0.095915
"p.Asn252Asp",1.04724,0.052181,0.036897
"p.Asn252Ser",0.999613,0.023795,0.016825
"p.Asn26=",0.862121,0.044449,0.03143
"p.Asn262=",0.972797,0.092461,0.06538
"p.Asn262Asp",1.016965,0.021462,0.015176
"p.Asn262Ser",1.076598,0.027698,0.019586
"p.Asn26Asp",0.836038,0.059969,0.042405
"p.Asn26Ser",0.909933,0.05082,0.035935
"p.Asn26Thr",0.685052,0.072403,0.051196
"p.Asn310=",0.991672,0.095625,0.067617
"p.Asn310Asp",0.992321,0.029261,0.02069
"p.Asn310Ser",0.907713,0.024199,0.017111
"p.Asn312=",1.001843,0.069144,0.048892
"p.Asn312Asp",0.960158,0.047762,0.033773
"p.Asn312Ser",1.004866,0.032767,0.02317
"p.Asn315Asp",0.952151,0.033394,0.023613
"p.Asn315Ser",0.886915,0.027321,0.019319
"p.Asn324=",1.055803,0.082456,0.058305
"p.Asn324Asp",1.031873,0.025763,0.018218
"p.Asn324Ser",1.041197,0.041177,0.029117
"p.Asn327=",1.014494,0.066362,0.046925
"p.Asn327Asp",1.035793,0.041684,0.029475
"p.Asn327Ser",0.957774,0.029731,0.021023
"p.Asn342=",1.042675,0.078945,0.055823
"p.Asn342Asp",1.025064,0.032358,0.022881
"p.Asn342Lys",0.923051,0.112318,0.079421
"p.Asn342Ser",1.024724,0.022306,0.015772
"p.Asn36=",0.904987,0.061482,0.043474
"p.Asn36Asp",0.991465,0.038581,0.027281
"p.Asn36Ser",0.878392,0.030425,0.021513
"p.Asn415=",0.964283,0.089528,0.063306
"p.Asn415Asp",1.031758,0.025346,0.017923
"p.Asn415Ser",0.982567,0.024327,0.017202
"p.Asn433=",0.940076,0.077923,0.0551
"p.Asn433Asp",1.052184,0.025143,0.017779
"p.Asn433Ser",1.097346,0.026224,0.018543
"p.Asn439=",0.923165,0.040234,0.02845
"p.Asn439Asp",1.016278,0.033787,0.023891
"p.Asn439Lys",0.788796,0.104401,0.073823
"p.Asn439Ser",1.019003,0.032504,0.022984
"p.Asn73=",1.07894,0.057077,0.04036
"p.Asn73Asp",0.825956,0.038779,0.027421
"p.Asn73Ser",1.191896,0.085683,0.060587
"p.Asn84=",0.730249,0.050686,0.03584
"p.Asn84Asp",0.98006,0.046444,0.032841
"p.Asn84Ser",1.080253,0.034333,0.024277
"p.Asp101Asn",1.180647,0.071598,0.050627
"p.Asp101Gly",1.052135,0.027981,0.019785
"p.Asp101Tyr",0.825762,0.065058,0.046003
"p.Asp151=",1.000021,0.034721,0.024551
"p.Asp151Asn",0.94767,0.095458,0.067499
"p.Asp151Gly",0.645811,0.048086,0.034002
"p.Asp151Tyr",0.357483,0.077814,0.055023
"p.Asp154=",0.964356,0.070502,0.049852
"p.Asp154Asn",0.914049,0.071534,0.050582
"p.Asp154Gly",0.632002,0.029381,0.020775
"p.Asp154Tyr",0.429768,0.051864,0.036674
"p.Asp162=",0.588199,0.114908,0.081252
"p.Asp162Asn",0.924106,0.11866,0.083905
"p.Asp162Gly",0.789463,0.033859,0.023942
"p.Asp162Tyr",0.289356,0.052047,0.036802
"p.Asp170=",0.964475,0.07009,0.049561
"p.Asp170Asn",1.008001,0.0786,0.055578
"p.Asp170Gly",0.993998,0.023811,0.016837
"p.Asp170Tyr",0.999925,0.053118,0.03756
"p.Asp176=",1.137513,0.037128,0.026254
"p.Asp176Gly",0.999582,0.052657,0.037234
"p.Asp180=",1.04124,0.030125,0.021302
"p.Asp180Asn",1.094822,0.064402,0.045539
"p.Asp180Gly",1.018405,0.047248,0.03341
"p.Asp180Tyr",0.769775,0.050476,0.035692
"p.Asp183=",0.996504,0.030099,0.021283
"p.Asp183Asn",0.628041,0.123757,0.087509
"p.Asp183Tyr",0.598243,0.070458,0.049822
"p.Asp195=",0.813468,0.048715,0.034447
"p.Asp195Asn",1.076591,0.090527,0.064012
"p.Asp195Gly",0.740426,0.0564,0.039881
"p.Asp195Tyr",0.730061,0.056945,0.040266
"p.Asp196=",0.584512,0.109111,0.077153
"p.Asp196Gly",0.959611,0.034594,0.024462
"p.Asp196Tyr",0.744297,0.086856,0.061416
"p.Asp199=",1.171355,0.056711,0.040101
"p.Asp199Asn",0.947782,0.081756,0.05781
"p.Asp199Gly",0.882019,0.022723,0.016068
"p.Asp199Tyr",0.599189,0.061024,0.043151
"p.Asp2=",0.599674,0.057672,0.04078
"p.Asp256=",1.116699,0.030264,0.0214
"p.Asp256Asn",0.756721,0.121522,0.085929
"p.Asp256Gly",0.927719,0.054303,0.038398
"p.Asp256Tyr",0.697444,0.064375,0.04552
"p.Asp257=",1.068298,0.075411,0.053324
"p.Asp257Asn",0.644205,0.066772,0.047215
"p.Asp257Gly",1.124061,0.025319,0.017903
"p.Asp257Tyr",0.58823,0.077438,0.054757
"p.Asp257Val",0.625665,0.167335,0.118324
"p.Asp283=",0.73197,0.047651,0.033694
"p.Asp283Asn",0.759278,0.085679,0.060584
"p.Asp283Gly",0.950364,0.028963,0.02048
"p.Asp283Tyr",0,0.052681,0.037251
"p.Asp289=",1.093886,0.064581,0.045665
"p.Asp289Asn",0.978364,0.092465,0.065382
"p.Asp289Gly",0.979647,0.033964,0.024016
"p.Asp289Tyr",0.620934,0.041261,0.029176
"p.Asp289Val",0.767902,0.089171,0.063053
"p.Asp2Gly",0.638911,0.034177,0.024167
"p.Asp2Tyr",0.440147,0.058024,0.041029
"p.Asp313=",0.882229,0.099347,0.070249
"p.Asp313Asn",1.080693,0.066657,0.047134
"p.Asp313Gly",1.067995,0.026225,0.018544
"p.Asp313Tyr",0.536559,0.048101,0.034013
"p.Asp331=",1.090414,0.082129,0.058074
"p.Asp331Gly",0.802769,0.023726,0.016777
"p.Asp331Tyr",0.207468,0.168123,0.118881
"p.Asp331Val",0.272223,0.162241,0.114722
"p.Asp34=",1.109875,0.038145,0.026973
"p.Asp34Gly",0.487157,0.037578,0.026572
"p.Asp34Tyr",0,0.074647,0.052784
"p.Asp361=",0.722349,0.063227,0.044708
"p.Asp361Asn",0.935672,0.068909,0.048726
"p.Asp361Gly",0.749485,0.025613,0.018111
"p.Asp361Tyr",0.749078,0.051584,0.036475
"p.Asp377=",0.927113,0.077546,0.054834
"p.Asp377Asn",1.040855,0.077461,0.054774
"p.Asp377Gly",0.883496,0.031807,0.022491
"p.Asp377Tyr",0.276981,0.077648,0.054905
"p.Asp385=",1.009563,0.084219,0.059552
"p.Asp385Asn",0.75245,0.105508,0.074605
"p.Asp385Gly",0.986731,0.030429,0.021516
"p.Asp385Tyr",0.457798,0.046027,0.032546
"p.Asp391=",0.823907,0.036492,0.025804
"p.Asp391Gly",0.854157,0.052962,0.03745
"p.Asp392=",1.072015,0.06553,0.046337
"p.Asp392Glu",1.259917,0.086388,0.061086
"p.Asp392Gly",1.030131,0.047248,0.03341
"p.Asp392Tyr",0.391521,0.089094,0.062999
"p.Asp392Val",1.173441,0.080859,0.057176
"p.Asp405=",1.013351,0.03854,0.027252
"p.Asp405Asn",0.888153,0.072357,0.051164
"p.Asp405Gly",0.726476,0.051167,0.03618
"p.Asp405Tyr",0.1227,0.1397,0.098783
"p.Asp416=",1.070218,0.051892,0.036693
"p.Asp416Asn",1.130947,0.057297,0.040515
"p.Asp416Gly",1.092102,0.031742,0.022445
"p.Asp416Tyr",0.310859,0.13007,0.091973
"p.Asp419=",0.886063,0.071511,0.050566
"p.Asp419Gly",1.024596,0.025536,0.018057
"p.Asp430=",0.944964,0.105164,0.074362
"p.Asp430Gly",1.003717,0.024763,0.01751
"p.Asp440=",1.158504,0.05352,0.037845
"p.Asp440Asn",1.108756,0.053217,0.03763
"p.Asp440Gly",0.996249,0.024828,0.017556
"p.Asp440Tyr",0.517654,0.09717,0.068709
"p.Asp6=",1.183746,0.039363,0.027834
"p.Asp6Asn",0.390607,0.109377,0.077342
"p.Asp6Gly",0.203883,0.056256,0.039779
"p.Asp6Tyr",0,0.080724,0.05708
"p.Asp71=",0.863379,0.116414,0.082317
"p.Asp71Gly",1.014997,0.030517,0.021579
"p.Asp71Tyr",0.439136,0.058471,0.041345
"p.Asp75=",0.677011,0.084694,0.059888
"p.Asp75Asn",1.014963,0.084365,0.059655
"p.Asp75Gly",0.899457,0.046491,0.032874
"p.Asp75Tyr",0,0.119063,0.08419
"p.Cys17=",0.777699,0.0577,0.0408
"p.Cys17Phe",0,0.171869,0.12153
"p.Cys17Tyr",0.151536,0.084057,0.059438
"p.Cys202=",0.9534,0.042486,0.030042
"p.Cys202Arg",0.250014,0.040931,0.028943
"p.Cys202Phe",0.452954,0.063174,0.044671
"p.Cys202Tyr",0.941133,0.092098,0.065123
"p.Cys277=",0.840442,0.065071,0.046012
"p.Cys277Arg",0.175981,0.05358,0.037887
"p.Cys277Phe",0.122059,0.094615,0.066903
"p.Cys277Tyr",0.260928,0.086187,0.060944
"p.Cys282=",1.028572,0.031348,0.022166
"p.Cys282Arg",0.170007,0.065516,0.046327
"p.Cys282Phe",0.281987,0.098459,0.069621
"p.Cys282Ter",0.305386,0.095551,0.067564
"p.Cys282Tyr",0.328672,0.086683,0.061294
"p.Cys302=",0.913105,0.040557,0.028678
"p.Cys302Arg",0.105928,0.089104,0.063006
"p.Cys302Gly",1.055904,0.069342,0.049032
"p.Cys302Phe",0.54831,0.071798,0.050769
"p.Cys302Tyr",0.791732,0.081993,0.057978
"p.Cys317=",0.868616,0.038355,0.027121
"p.Cys317Arg",0.201844,0.040601,0.028709
"p.Cys317Phe",0.392564,0.097752,0.069121
"p.Cys317Trp",0.394081,0.098265,0.069484
"p.Cys317Tyr",0.367246,0.106474,0.075288
"p.Cys335=",1.168248,0.067573,0.047781
"p.Cys335Arg",0,0.084775,0.059945
"p.Cys335Phe",0.835045,0.054144,0.038285
"p.Cys335Ser",1.151183,0.129498,0.091569
"p.Cys335Tyr",0.723542,0.068911,0.048728
"p.Cys394=",1.107415,0.035559,0.025144
"p.Cys394Arg",1.126173,0.043459,0.03073
"p.Cys394Phe",1.106848,0.093101,0.065832
"p.Cys394Tyr",0.876475,0.077889,0.055076
"p.Cys400=",1.115489,0.026839,0.018978
"p.Cys400Arg",0.488353,0.043782,0.030959
"p.Cys400Phe",0.898775,0.081681,0.057757
"p.Cys400Tyr",0.459229,0.134435,0.09506
"p.Cys402=",0.999429,0.062686,0.044326
"p.Cys402Arg",1.138343,0.031393,0.022198
"p.Cys402Phe",0.668273,0.10931,0.077294
"p.Cys402Tyr",0.898787,0.049255,0.034829
"p.Cys414=",0.9473,0.038081,0.026928
"p.Cys414Arg",0.452876,0.089724,0.063444
"p.Cys414Phe",1.10893,0.050257,0.035537
"p.Cys414Ser",1.23663,0.102209,0.072273
"p.Cys414Tyr",0.612763,0.06924,0.04896
"p.Gln164Arg",1.112201,0.036411,0.025746
"p.Gln164His",0.826565,0.048979,0.034633
"p.Gln164Lys",0,0.102783,0.072679
"p.Gln164Pro",1.132884,0.053073,0.037528
"p.Gln164Ter",0.197469,0.057507,0.040663
"p.Gln179=",0.866986,0.07494,0.05299
"p.Gln179Arg",0.990663,0.035161,0.024863
"p.Gln179His",0.847798,0.047471,0.033567
"p.Gln179Leu",0.897727,0.077113,0.054527
"p.Gln200=",0.842839,0.06256,0.044237
"p.Gln200Arg",0.98151,0.032652,0.023088
"p.Gln200His",0.546237,0.056553,0.039989
"p.Gln200Ter",0.144874,0.074899,0.052962
"p.Gln236Arg",0.259585,0.03758,0.026573
"p.Gln236His",0.204498,0.069681,0.049272
"p.Gln236Ter",0.084789,0.08091,0.057212
"p.Gln279=",1.080728,0.065386,0.046235
"p.Gln279Arg",0.986228,0.033472,0.023668
"p.Gln279His",0.601429,0.076384,0.054012
"p.Gln296=",1.17276,0.048763,0.034481
"p.Gln296Arg",1.038998,0.050083,0.035414
"p.Gln296His",0.692645,0.137155,0.096983
"p.Gln296Ter",0,0.122084,0.086326
"p.Gln318=",0.994095,0.102522,0.072494
"p.Gln318Arg",0.772313,0.041687,0.029477
"p.Gln318Ter",0.118506,0.116239,0.082194
"p.Gln323Arg",1.01094,0.06675,0.047199
"p.Gln323His",0.814768,0.056105,0.039672
"p.Gln323Lys",0.487301,0.064137,0.045352
"p.Gln323Ter",0.142183,0.069748,0.049319
"p.Gln325=",0.687663,0.095251,0.067353
"p.Gln325Arg",1.007106,0.031986,0.022618
"p.Gln325His",0.826647,0.03454,0.024423
"p.Gln346=",1.101089,0.066654,0.047132
"p.Gln346Arg",1.073193,0.049032,0.034671
"p.Gln346His",0.972633,0.042456,0.030021
"p.Gln346Leu",1.053636,0.095423,0.067474
"p.Gln346Ter",0.025166,0.099501,0.070358
"p.Gln378=",1.016814,0.082956,0.058659
"p.Gln378Arg",1.116688,0.048891,0.034571
"p.Gln378His",0.690815,0.071649,0.050664
"p.Gln378Leu",0.471481,0.130119,0.092008
"p.Gln378Ter",0.107748,0.153205,0.108332
"p.Gln397=",1.200786,0.068598,0.048506
"p.Gln397Arg",1.006921,0.026965,0.019067
"p.Gln397His",0.774429,0.052106,0.036845
"p.Gln397Leu",0.828086,0.070009,0.049504
"p.Gln438=",0.760776,0.11259,0.079613
"p.Gln438Arg",0.926365,0.042982,0.030393
"p.Gln438His",0.641806,0.063108,0.044624
"p.Gln438Ter",0.708586,0.069563,0.049188
"p.Gln447=",0.364486,0.107654,0.076123
"p.Gln447Arg",1.139492,0.030976,0.021903
"p.Gln447His",0.708698,0.091025,0.064364
"p.Gln447Ter",0.929992,0.058899,0.041648
"p.Gln57Arg",0.902664,0.104439,0.07385
"p.Gln57Ter",0.07484,0.12111,0.085638
"p.Gln86=",0.961763,0.122328,0.086499
"p.Gln86Arg",0.880114,0.045167,0.031938
"p.Gln86His",0.803259,0.063876,0.045167
"p.Glu106=",0.781728,0.04557,0.032223
"p.Glu106Asp",0.802936,0.088146,0.062329
"p.Glu106Ter",0,0.167699,0.118581
"p.Glu123Asp",0.429394,0.08948,0.063272
"p.Glu123Gly",1.001267,0.036254,0.025635
"p.Glu123Lys",1.23648,0.068771,0.048628
"p.Glu123Ter",0,0.112961,0.079875
"p.Glu125=",0.835691,0.042441,0.03001
"p.Glu125Asp",0.78464,0.059381,0.041988
"p.Glu125Gly",1.035881,0.028975,0.020489
"p.Glu125Lys",0.964572,0.070825,0.050081
"p.Glu136=",0.757835,0.08758,0.061928
"p.Glu136Asp",1.070717,0.044079,0.031169
"p.Glu136Gly",1.100059,0.036141,0.025556
"p.Glu136Ter",0,0.133583,0.094458
"p.Glu152Asp",0.282783,0.127828,0.090388
"p.Glu152Gly",1.057605,0.030533,0.02159
"p.Glu152Ter",0,0.092406,0.065341
"p.Glu159=",1.019928,0.070803,0.050065
"p.Glu159Asp",0.878319,0.029852,0.021108
"p.Glu159Gly",1.020944,0.025601,0.018103
"p.Glu159Lys",1.295774,0.086297,0.061021
"p.Glu16=",0.93296,0.031056,0.02196
"p.Glu16Gly",0.640282,0.053728,0.037992
"p.Glu16Lys",0,0.150974,0.106755
"p.Glu16Ter",0,0.167099,0.118157
"p.Glu204Asp",0.191842,0.108593,0.076787
"p.Glu204Gly",0.971005,0.029737,0.021027
"p.Glu214=",1.03242,0.115842,0.081913
"p.Glu214Asp",0.617298,0.073965,0.052301
"p.Glu214Gly",0.939797,0.033374,0.023599
"p.Glu214Lys",0.934265,0.073314,0.051841
"p.Glu233=",1.099291,0.047534,0.033612
"p.Glu233Asp",0.940135,0.058094,0.041079
"p.Glu233Gly",1.037107,0.028508,0.020158
"p.Glu233Lys",0.093593,0.079806,0.056431
"p.Glu233Ter",0,0.049094,0.034714
"p.Glu261=",1.062316,0.07846,0.05548
"p.Glu261Asp",0.631578,0.061585,0.043548
"p.Glu261Gly",0.902241,0.025377,0.017944
"p.Glu261Lys",1.03526,0.078619,0.055592
"p.Glu261Ter",0.078462,0.056162,0.039712
"p.Glu271=",0.812937,0.074317,0.05255
"p.Glu271Asp",0.996311,0.043531,0.030781
"p.Glu271Gly",1.01516,0.033751,0.023865
"p.Glu271Lys",0.962146,0.084823,0.059979
"p.Glu271Ter",0,0.079085,0.055921
"p.Glu273=",1.057063,0.079196,0.056
"p.Glu273Asp",0.790875,0.065744,0.046488
"p.Glu273Gly",1.080462,0.025135,0.017773
"p.Glu273Lys",0.855121,0.065851,0.046564
"p.Glu273Ter",0,0.09146,0.064672
"p.Glu3=",1.046337,0.069262,0.048976
"p.Glu358Gly",0.565811,0.029151,0.020613
"p.Glu358Lys",0.63817,0.06998,0.049483
"p.Glu358Ter",0.137584,0.039046,0.02761
"p.Glu363=",1.095688,0.041033,0.029015
"p.Glu363Gly",1.025782,0.074917,0.052974
"p.Glu363Lys",0.570508,0.119388,0.08442
"p.Glu363Ter",0.010033,0.073914,0.052265
"p.Glu365=",1.029142,0.069383,0.049061
"p.Glu365Asp",0.696535,0.062466,0.04417
"p.Glu365Gly",0.401006,0.03902,0.027591
"p.Glu365Ter",0,0.184305,0.130323
"p.Glu367=",1.087811,0.054607,0.038613
"p.Glu367Asp",0.437647,0.115907,0.081959
"p.Glu367Gly",1.107614,0.029173,0.020628
"p.Glu367Lys",0.79972,0.079667,0.056333
"p.Glu367Ter",0,0.068052,0.04812
"p.Glu371=",1.055884,0.079666,0.056332
"p.Glu371Gly",1.122536,0.023628,0.016708
"p.Glu371Ter",0,0.090917,0.064288
"p.Glu374=",0.996338,0.0666,0.047093
"p.Glu374Asp",0.592951,0.075043,0.053063
"p.Glu374Gly",1.096885,0.034648,0.0245
"p.Glu374Lys",0.853853,0.069812,0.049364
"p.Glu374Ter",0,0.101953,0.072091
"p.Glu388=",0.99314,0.08342,0.058987
"p.Glu388Gly",0.810358,0.040209,0.028432
"p.Glu388Lys",0.690136,0.136333,0.096402
"p.Glu388Ter",0,0.08814,0.062324
"p.Glu395Asp",0.634862,0.057619,0.040743
"p.Glu395Gly",0.940375,0.029066,0.020553
"p.Glu395Lys",0.48075,0.114526,0.080982
"p.Glu395Ter",0,0.06565,0.046422
"p.Glu395Val",1.309416,0.109479,0.077413
"p.Glu3Asp",0.673313,0.047127,0.033324
"p.Glu3Gly",0.998772,0.047585,0.033648
"p.Glu3Lys",0.974688,0.057182,0.040434
"p.Glu3Ter",0,0.089226,0.063092
"p.Glu4=",0.989918,0.03257,0.02303
"p.Glu411Ala",0.858196,0.081923,0.057929
"p.Glu411Gly",0.996277,0.058856,0.041617
"p.Glu42Asp",0.879279,0.095836,0.067766
"p.Glu42Gly",0.925054,0.044796,0.031676
"p.Glu42Lys",0.819691,0.077205,0.054592
"p.Glu42Ter",0.077512,0.044299,0.031324
"p.Glu432=",1.096787,0.066447,0.046985
"p.Glu432Asp",0.468976,0.061196,0.043272
"p.Glu432Gly",0.988903,0.040931,0.028943
"p.Glu444=",1.031582,0.02201,0.015563
"p.Glu444Gly",1.102079,0.02232,0.015782
"p.Glu444Ter",1.003933,0.113644,0.080359
"p.Glu446=",0.853839,0.087667,0.06199
"p.Glu446Asp",0.654539,0.116555,0.082416
"p.Glu446Gly",1.034376,0.029548,0.020893
"p.Glu446Lys",0.977458,0.088374,0.06249
"p.Glu446Ter",0.600598,0.038077,0.026924
"p.Glu4Gly",0.855775,0.059006,0.041723
"p.Glu4Lys",0.428668,0.108156,0.076478
"p.Glu4Ter",0,0.187988,0.132928
"p.Glu50=",0.980559,0.06917,0.048911
"p.Glu50Asp",0.963311,0.049838,0.035241
"p.Glu50Gly",1.036804,0.028777,0.020348
"p.Glu50Ter",0,0.116499,0.082377
"p.Glu51=",1.254185,0.065255,0.046142
"p.Glu51Asp",0.773146,0.205102,0.145029
"p.Glu51Gly",1.12203,0.048998,0.034647
"p.Glu51Ter",0.0225,0.059057,0.041759
"p.Glu60=",0.857881,0.060435,0.042734
"p.Glu60Ala",0.593175,0.150589,0.106482
"p.Glu60Asp",0.980143,0.055925,0.039545
"p.Glu60Gly",1.058083,0.027203,0.019235
"p.Glu60Lys",0.801475,0.096424,0.068182
"p.Glu60Ter",0,0.177398,0.12544
"p.Glu64Gly",1.162164,0.040015,0.028295
"p.Glu64Lys",0.845901,0.091882,0.06497
"p.Glu64Ter",0,0.144064,0.101868
"p.Glu95=",0.807236,0.060327,0.042658
"p.Glu95Asp",0.653236,0.065129,0.046053
"p.Glu95Gly",0.703266,0.044291,0.031318
"p.Glu95Ter",0,0.048823,0.034523
"p.Gly107=",0.913998,0.108498,0.07672
"p.Gly107Ala",0.813245,0.055629,0.039336
"p.Gly107Arg",1.132687,0.079087,0.055923
"p.Gly107Asp",0.420272,0.111476,0.078825
"p.Gly107Cys",0.850678,0.046754,0.03306
"p.Gly107Ser",1.00287,0.092668,0.065526
"p.Gly107Val",0.909943,0.070507,0.049856
"p.Gly11=",0.971944,0.031503,0.022276
"p.Gly113=",0.999731,0.037805,0.026732
"p.Gly113Arg",1.100149,0.066619,0.047106
"p.Gly113Glu",0.909424,0.043842,0.031001
"p.Gly113Trp",1.052506,0.032155,0.022737
"p.Gly113Val",0.62919,0.025361,0.017933
"p.Gly114=",0.889246,0.04819,0.034076
"p.Gly114Asp",0.971653,0.029678,0.020985
"p.Gly114Cys",0.875239,0.060206,0.042572
"p.Gly114Ser",0.799631,0.047864,0.033845
"p.Gly114Val",0.465491,0.06686,0.047277
"p.Gly11Arg",0.133315,0.050529,0.035729
"p.Gly11Glu",0.020379,0.124751,0.088212
"p.Gly11Trp",0,0.076074,0.053792
"p.Gly11Val",0,0.093924,0.066414
"p.Gly13=",1.105919,0.031054,0.021959
"p.Gly133=",0.910326,0.065889,0.046591
"p.Gly133Asp",0.562778,0.054964,0.038865
"p.Gly133Cys",0.809331,0.03496,0.024721
"p.Gly133Ser",0.8962,0.041986,0.029689
"p.Gly133Val",0.800337,0.051673,0.036539
"p.Gly13Asp",0.158636,0.143506,0.101474
"p.Gly13Cys",0.335151,0.033248,0.02351
"p.Gly13Ser",0.691507,0.047078,0.033289
"p.Gly160=",1.026095,0.028146,0.019902
"p.Gly160Asp",0.396091,0.06534,0.046202
"p.Gly160Cys",0.869599,0.045037,0.031846
"p.Gly160Ser",0.791404,0.071342,0.050446
"p.Gly160Val",0.497823,0.077258,0.05463
"p.Gly178=",0.971959,0.050216,0.035508
"p.Gly178Asp",1.018091,0.06777,0.047921
"p.Gly178Cys",0.931958,0.028872,0.020415
"p.Gly178Ser",1.056709,0.047239,0.033403
"p.Gly178Val",0.450789,0.110119,0.077866
"p.Gly186=",0.973995,0.039557,0.027971
"p.Gly186Asp",0.515666,0.079634,0.05631
"p.Gly186Cys",0.264861,0.045075,0.031873
"p.Gly186Ser",0.698493,0.083256,0.058871
"p.Gly21=",1.018117,0.079747,0.05639
"p.Gly21Asp",0.694982,0.052456,0.037092
"p.Gly21Cys",0.956067,0.026456,0.018707
"p.Gly21Ser",0.860479,0.078046,0.055187
"p.Gly21Val",0.707951,0.057755,0.040839
"p.Gly220=",1.172568,0.043455,0.030727
"p.Gly220Asp",0.51712,0.071572,0.050609
"p.Gly220Cys",0.717102,0.042944,0.030366
"p.Gly220Ser",0.737129,0.077693,0.054937
"p.Gly220Val",0.780751,0.048905,0.034581
"p.Gly230=",1.169945,0.066123,0.046756
"p.Gly230Asp",0,0.124281,0.08788
"p.Gly230Cys",0.102451,0.045456,0.032142
"p.Gly230Ser",0,0.114522,0.08098
"p.Gly232=",0.900276,0.034015,0.024053
"p.Gly232Asp",0.753297,0.038471,0.027203
"p.Gly232Cys",1.023824,0.030195,0.021351
"p.Gly232Ser",0.771008,0.053372,0.03774
"p.Gly232Val",0.947508,0.067325,0.047606
"p.Gly237=",1.012807,0.022854,0.016161
"p.Gly237Asp",0.165105,0.129669,0.09169
"p.Gly237Cys",0.93168,0.036749,0.025986
"p.Gly237Ser",0.980536,0.048554,0.034333
"p.Gly237Val",0.546665,0.105582,0.074658
"p.Gly246=",0.891092,0.019876,0.014054
"p.Gly246Ala",0.416338,0.153729,0.108703
"p.Gly246Arg",0.665379,0.109041,0.077104
"p.Gly246Glu",0.393999,0.067317,0.0476
"p.Gly246Trp",0.007027,0.055114,0.038971
"p.Gly246Val",0,0.039555,0.02797
"p.Gly247=",0.858104,0.029849,0.021107
"p.Gly247Arg",0,0.076296,0.05395
"p.Gly247Glu",0.187522,0.075525,0.053405
"p.Gly247Trp",0,0.039673,0.028053
"p.Gly247Val",0.419775,0.030905,0.021853
"p.Gly263=",1.006044,0.071002,0.050206
"p.Gly263Asp",0.965192,0.036102,0.025528
"p.Gly263Cys",0.757533,0.025486,0.018021
"p.Gly263Ser",0.853345,0.044214,0.031264
"p.Gly263Val",0.085405,0.049041,0.034677
"p.Gly267=",0.816427,0.039861,0.028186
"p.Gly267Asp",0,0.173484,0.122672
"p.Gly267Cys",0.612715,0.042009,0.029705
"p.Gly267Ser",0.553184,0.038372,0.027133
"p.Gly267Val",0.374833,0.097408,0.068878
"p.Gly27=",0.871457,0.06774,0.0479
"p.Gly272=",1.026213,0.024943,0.017638
"p.Gly272Arg",0.766526,0.040521,0.028653
"p.Gly272Glu",1.040962,0.07116,0.050318
"p.Gly272Ter",0.158009,0.035636,0.025198
"p.Gly272Val",0.372986,0.074115,0.052407
"p.Gly27Arg",0.612822,0.051648,0.036521
"p.Gly27Glu",0.745311,0.111439,0.078799
"p.Gly27Trp",0.197527,0.036676,0.025934
"p.Gly27Val",0.368331,0.030965,0.021896
"p.Gly295=",1.198632,0.045464,0.032148
"p.Gly295Asp",0.794705,0.036939,0.02612
"p.Gly295Cys",0.895564,0.050101,0.035427
"p.Gly295Ser",1.139647,0.062786,0.044396
"p.Gly295Val",0.783286,0.063575,0.044954
"p.Gly347=",1.098526,0.046521,0.032895
"p.Gly347Asp",0.763986,0.079457,0.056185
"p.Gly347Cys",0.842904,0.0401,0.028355
"p.Gly347Ser",0.263846,0.140584,0.099408
"p.Gly393=",0.958045,0.056881,0.040221
"p.Gly393Cys",0.432518,0.095654,0.067638
"p.Gly393Ser",0.768415,0.05406,0.038227
"p.Gly393Val",0.78001,0.094564,0.066867
"p.Gly40=",0.887418,0.074787,0.052883
"p.Gly40Glu",0.212132,0.07664,0.054193
"p.Gly40Trp",0.355054,0.04886,0.034549
"p.Gly40Val",0.097514,0.071008,0.05021
"p.Gly41=",0.963788,0.060722,0.042937
"p.Gly41Asp",0.683917,0.050517,0.035721
"p.Gly41Cys",0.712804,0.07849,0.055501
"p.Gly41Ser",0.922366,0.112583,0.079608
"p.Gly41Val",0.01815,0.16898,0.119487
"p.Gly426=",0.958438,0.041253,0.02917
"p.Gly426Asp",1.109153,0.039794,0.028139
"p.Gly426Cys",0.820222,0.037478,0.026501
"p.Gly426Ser",1.054561,0.054348,0.03843
"p.Gly426Val",0.903094,0.048524,0.034312
"p.Gly443=",1.062371,0.027705,0.019591
"p.Gly443Arg",0.990035,0.050682,0.035838
"p.Gly443Ter",0.963421,0.047755,0.033768
"p.Gly443Val",0.773641,0.045411,0.03211
"p.Gly61=",0.815781,0.053839,0.03807
"p.Gly61Ala",0.898737,0.097701,0.069085
"p.Gly61Arg",1.145957,0.034124,0.024129
"p.Gly61Glu",1.041958,0.035508,0.025108
"p.Gly61Trp",0.754129,0.099819,0.070583
"p.Gly61Val",0.938168,0.09892,0.069947
"p.Gly67=",0.91555,0.041434,0.029298
"p.Gly67Asp",1.175002,0.034808,0.024613
"p.Gly67Cys",0.961098,0.052459,0.037094
"p.Gly67Ser",0.754263,0.070406,0.049785
"p.Gly67Val",0.820874,0.067603,0.047803
"p.Gly69=",0.86237,0.132567,0.093739
"p.Gly69Asp",1.124697,0.043536,0.030785
"p.Gly69Cys",0.796219,0.068681,0.048565
"p.Gly69Ser",0.777282,0.08526,0.060288
"p.Gly69Val",0.492006,0.096027,0.067901
"p.Gly85=",0.938374,0.04047,0.028616
"p.Gly85Ala",1.004228,0.074697,0.052819
"p.Gly85Arg",0.105929,0.114121,0.080696
"p.Gly85Glu",0.69262,0.07503,0.053054
"p.Gly85Trp",0.088486,0.035616,0.025185
"p.Gly85Val",0.113227,0.058428,0.041315
"p.His187=",1.056406,0.073221,0.051775
"p.His187Arg",0.950039,0.034604,0.024469
"p.His187Tyr",0.913074,0.045786,0.032375
"p.His306=",0.734294,0.064093,0.045321
"p.His306Arg",0.697169,0.038915,0.027517
"p.His306Tyr",0.42932,0.066235,0.046835
"p.His32=",1.068532,0.066695,0.04716
"p.His32Arg",0.103323,0.038616,0.027306
"p.His32Tyr",0.069468,0.13474,0.095276
"p.His341=",0.872175,0.038725,0.027383
"p.His341Arg",0.249702,0.039349,0.027824
"p.His341Tyr",1.009531,0.07127,0.050396
"p.His409=",1.031742,0.08663,0.061257
"p.His409Arg",0.599043,0.036171,0.025577
"p.His409Asn",0.847736,0.14428,0.102022
"p.His409Tyr",0.362007,0.067454,0.047697
"p.Ile116=",0.982956,0.077274,0.054641
"p.Ile116Thr",0.893855,0.104864,0.07415
"p.Ile116Val",0.968788,0.041207,0.029137
"p.Ile18=",0.885874,0.062046,0.043873
"p.Ile182=",0.931071,0.052771,0.037315
"p.Ile182Thr",0.978872,0.052913,0.037415
"p.Ile182Val",0.979145,0.027714,0.019597
"p.Ile18Thr",0.889543,0.029892,0.021137
"p.Ile18Val",0.947903,0.043692,0.030895
"p.Ile209=",1.026524,0.056288,0.039802
"p.Ile209Thr",0.810818,0.035894,0.025381
"p.Ile209Val",1.07585,0.040449,0.028601
"p.Ile22=",0.819523,0.079941,0.056527
"p.Ile22Thr",0.931451,0.04117,0.029112
"p.Ile22Val",0.808225,0.062341,0.044082
"p.Ile244=",1.144859,0.079228,0.056023
"p.Ile244Thr",0.895756,0.042534,0.030076
"p.Ile244Val",0.868541,0.03575,0.025279
"p.Ile258=",0.963487,0.058499,0.041365
"p.Ile258Thr",0.34588,0.058716,0.041518
"p.Ile258Val",1.044822,0.028567,0.0202
"p.Ile259=",1.194594,0.083563,0.059088
"p.Ile259Thr",0.742955,0.032268,0.022817
"p.Ile259Val",1.106267,0.03876,0.027408
"p.Ile281=",0.95636,0.104307,0.073756
"p.Ile281Thr",0.396793,0.035165,0.024865
"p.Ile281Val",1.086872,0.032099,0.022698
"p.Ile287=",1.132416,0.057287,0.040508
"p.Ile287Thr",0.930214,0.041307,0.029209
"p.Ile287Val",1.238006,0.056687,0.040084
"p.Ile298=",0.984741,0.071868,0.050819
"p.Ile298Thr",0.675998,0.047327,0.033466
"p.Ile298Val",0.840923,0.049213,0.034799
"p.Ile300=",0.902123,0.09468,0.066949
"p.Ile300Thr",1.147007,0.032753,0.02316
"p.Ile300Val",1.114826,0.037835,0.026753
"p.Ile301=",0.895112,0.074839,0.052919
"p.Ile301Ser",0.848284,0.084927,0.060052
"p.Ile301Thr",1.106443,0.038091,0.026934
"p.Ile301Val",1.050855,0.048355,0.034192
"p.Ile303=",0.896672,0.072834,0.051501
"p.Ile303Asn",0.959822,0.086574,0.061217
"p.Ile303Thr",0.882368,0.025743,0.018203
"p.Ile303Val",1.184942,0.076792,0.0543
"p.Ile308Thr",0.563865,0.039226,0.027737
"p.Ile308Val",0.95426,0.041808,0.029563
"p.Ile319Met",0.943857,0.082464,0.058311
"p.Ile319Val",0.799479,0.05218,0.036897
"p.Ile320Thr",1.12749,0.057182,0.040434
"p.Ile320Val",1.206133,0.06901,0.048797
"p.Ile321=",1.067323,0.070204,0.049642
"p.Ile321Thr",0.266205,0.058091,0.041076
"p.Ile321Val",0.859194,0.087981,0.062212
"p.Ile332=",1.148869,0.089266,0.06312
"p.Ile332Leu",0.597477,0.057319,0.040531
"p.Ile332Thr",0.506026,0.067266,0.047564
"p.Ile332Val",1.115561,0.059538,0.0421
"p.Ile337=",0.915213,0.062855,0.044445
"p.Ile337Thr",1.006636,0.036441,0.025768
"p.Ile337Val",0.917313,0.027995,0.019796
"p.Ile350Leu",0.991393,0.115947,0.081987
"p.Ile350Met",0.697619,0.042476,0.030035
"p.Ile350Thr",0.873793,0.057858,0.040912
"p.Ile350Val",1.151572,0.044175,0.031236
"p.Ile352=",1.138024,0.053133,0.037571
"p.Ile352Ser",0.152591,0.089214,0.063084
"p.Ile352Thr",0.394779,0.040532,0.02866
"p.Ile352Val",0.336473,0.083612,0.059123
"p.Ile376=",0.862168,0.050667,0.035827
"p.Ile376Thr",0.791298,0.060379,0.042695
"p.Ile376Val",1.020756,0.037419,0.026459
"p.Ile383=",0.970693,0.082931,0.058641
"p.Ile383Asn",0.998166,0.075085,0.053093
"p.Ile383Thr",1.01633,0.046882,0.033151
"p.Ile383Val",1.176744,0.060073,0.042478
"p.Ile390=",0.820581,0.041027,0.02901
"p.Ile390Thr",0.786234,0.055916,0.039539
"p.Ile390Val",0.985758,0.047638,0.033685
"p.Ile417=",0.962037,0.068043,0.048113
"p.Ile417Thr",0.869593,0.05027,0.035546
"p.Ile417Val",1.021782,0.029462,0.020833
"p.Ile420=",1.30343,0.059269,0.041909
"p.Ile420Thr",0.844922,0.073274,0.051813
"p.Ile420Val",1.023135,0.037019,0.026177
"p.Ile46=",0.952827,0.094057,0.066508
"p.Ile46Thr",0.998475,0.034075,0.024095
"p.Ile46Val",1.057972,0.048943,0.034608
"p.Ile77=",1.037619,0.037416,0.026457
"p.Ile77Thr",0.805742,0.040677,0.028763
"p.Ile77Val",1.07711,0.052889,0.037398
"p.Ile8=",1.039395,0.045653,0.032282
"p.Ile8Thr",0.269485,0.058517,0.041377
"p.Ile8Val",0.929726,0.031759,0.022457
"p.Leu10=",0.953186,0.024003,0.016973
"p.Leu100=",0.955078,0.021072,0.0149
"p.Leu100Arg",0.250049,0.144363,0.10208
"p.Leu100Met",0.313681,0.111583,0.078901
"p.Leu100Pro",0.571935,0.054799,0.038749
"p.Leu10Pro",0.091127,0.063655,0.045011
"p.Leu127=",1.130949,0.025924,0.018331
"p.Leu127Phe",1.011559,0.069553,0.049181
"p.Leu127Ser",0.649695,0.042924,0.030352
"p.Leu131=",0.896388,0.070135,0.049593
"p.Leu131Pro",0.762467,0.036626,0.025899
"p.Leu14=",0.991918,0.056504,0.039954
"p.Leu144=",0.974092,0.02485,0.017571
"p.Leu144Pro",0.283069,0.059091,0.041784
"p.Leu14Phe",0.332918,0.102713,0.072629
"p.Leu14Pro",0.079237,0.040984,0.02898
"p.Leu177=",0.962325,0.02762,0.01953
"p.Leu177Gln",0.70184,0.139789,0.098846
"p.Leu177Pro",0.205911,0.104305,0.073755
"p.Leu189=",0.908007,0.021921,0.015501
"p.Leu189Gln",0.386434,0.102208,0.072272
"p.Leu189Met",0.849602,0.053528,0.03785
"p.Leu189Pro",0.179996,0.062232,0.044005
"p.Leu19=",1.041386,0.034379,0.02431
"p.Leu191=",0.989917,0.067158,0.047488
"p.Leu191Phe",0.597558,0.074665,0.052796
"p.Leu191Pro",0.372726,0.045446,0.032135
"p.Leu198=",1.022838,0.023472,0.016597
"p.Leu198Gln",0.972951,0.125044,0.08842
"p.Leu198Pro",0.330236,0.049782,0.035201
"p.Leu19Gln",0.693443,0.088596,0.062647
"p.Leu19Pro",0.14167,0.075314,0.053255
"p.Leu203=",0.962331,0.031452,0.02224
"p.Leu203Ile",0.489387,0.071744,0.050731
"p.Leu203Phe",1.090024,0.078523,0.055524
"p.Leu203Pro",1.013278,0.029172,0.020628
"p.Leu211=",1.035008,0.026096,0.018453
"p.Leu211Phe",0.894393,0.065273,0.046155
"p.Leu211Ser",0.732266,0.072152,0.051019
"p.Leu216=",0.984863,0.024152,0.017078
"p.Leu216Pro",0.03295,0.195017,0.137898
"p.Leu225Ser",0.235091,0.064556,0.045648
"p.Leu228=",0.961143,0.085894,0.060737
"p.Leu228Phe",0.913506,0.050628,0.0358
"p.Leu228Pro",0.863932,0.027651,0.019552
"p.Leu231=",1.12787,0.023358,0.016516
"p.Leu231Phe",0.057787,0.100753,0.071243
"p.Leu231Ser",0.866595,0.031846,0.022518
"p.Leu234=",0.922455,0.051383,0.036333
"p.Leu234Met",0,0.190278,0.134547
"p.Leu234Pro",0.223347,0.040158,0.028396
"p.Leu241=",1.048125,0.085115,0.060186
"p.Leu241Ser",0.761327,0.080332,0.056803
"p.Leu251=",1.046093,0.02582,0.018258
"p.Leu251Pro",0.21695,0.059533,0.042096
"p.Leu280=",0.981249,0.034623,0.024482
"p.Leu280Pro",0.096739,0.04095,0.028956
"p.Leu304=",1.026853,0.054039,0.038211
"p.Leu304Ile",0.043626,0.130611,0.092356
"p.Leu304Phe",0.980251,0.103674,0.073308
"p.Leu304Pro",0.207985,0.085228,0.060265
"p.Leu31=",1.006871,0.022665,0.016027
"p.Leu31Pro",0.076347,0.06421,0.045403
"p.Leu370=",0.931999,0.027872,0.019709
"p.Leu370Pro",0.056332,0.060349,0.042673
"p.Leu372=",0.968788,0.033114,0.023415
"p.Leu372Pro",0.490217,0.063969,0.045233
"p.Leu373=",1.0269,0.028765,0.02034
"p.Leu373Phe",0.719074,0.100208,0.070858
"p.Leu373Ser",0.196516,0.065812,0.046536
"p.Leu373Val",1.128461,0.072948,0.051582
"p.Leu386=",1.030574,0.031216,0.022073
"p.Leu386Phe",0.697127,0.079389,0.056137
"p.Leu386Ser",0.979457,0.077636,0.054897
"p.Leu49=",0.982884,0.05144,0.036373
"p.Leu49Pro",0.579901,0.029604,0.020933
"p.Leu52=",0.824622,0.038986,0.027567
"p.Leu52Pro",0.282004,0.047794,0.033795
"p.Leu58=",1.022872,0.029469,0.020838
"p.Leu58Phe",0.532077,0.099615,0.070439
"p.Leu58Ser",1.040037,0.042485,0.030041
"p.Leu59=",0.980344,0.042641,0.030151
"p.Leu59Met",0.5392,0.107696,0.076152
"p.Leu59Pro",1.028175,0.041853,0.029594
"p.Leu76=",0.851844,0.073405,0.051905
"p.Leu76Arg",1.187355,0.086488,0.061156
"p.Leu76Pro",0.579978,0.037928,0.026819
"p.Leu81=",0.920871,0.093419,0.066057
"p.Leu81Phe",0.139854,0.107491,0.076008
"p.Leu81Pro",0.614595,0.035194,0.024886
"p.Leu87=",0.95439,0.040872,0.028901
"p.Leu87Pro",0.23553,0.13378,0.094597
"p.Leu91=",0.868028,0.032754,0.023161
"p.Leu91Pro",0.192733,0.052319,0.036995
"p.Leu92=",1.020859,0.083999,0.059397
"p.Leu92Pro",0.736966,0.040563,0.028682
"p.Lys103Arg",1.040271,0.047398,0.033515
"p.Lys103Asn",0.896713,0.045527,0.032192
"p.Lys103Glu",0.997445,0.033894,0.023966
"p.Lys103Met",0.919272,0.254646,0.180062
"p.Lys103Thr",1.080729,0.078857,0.05576
"p.Lys112=",0.911964,0.146275,0.103432
"p.Lys112Arg",1.061946,0.05349,0.037823
"p.Lys112Asn",0.641687,0.042106,0.029774
"p.Lys112Glu",0.990315,0.033473,0.023669
"p.Lys115Arg",1.149274,0.038596,0.027291
"p.Lys115Asn",0.846659,0.087917,0.062167
"p.Lys115Glu",0.841784,0.04034,0.028525
"p.Lys118=",0.937773,0.034974,0.02473
"p.Lys118Arg",0.93581,0.138322,0.097808
"p.Lys118Glu",0.325321,0.066042,0.046699
"p.Lys137=",1.044976,0.034239,0.024211
"p.Lys137Arg",0.220466,0.094959,0.067146
"p.Lys137Asn",0.535003,0.083324,0.058919
"p.Lys137Glu",0.223446,0.051926,0.036717
"p.Lys142Arg",0.93414,0.043654,0.030868
"p.Lys142Asn",0.895739,0.081344,0.057519
"p.Lys142Glu",0.797004,0.047425,0.033535
"p.Lys156Arg",1.169659,0.028967,0.020483
"p.Lys156Asn",0.733279,0.08482,0.059977
"p.Lys156Glu",0.998595,0.038718,0.027378
"p.Lys174Arg",1.091342,0.047167,0.033352
"p.Lys174Glu",0.8875,0.04406,0.031155
"p.Lys210Arg",0.966274,0.053487,0.037821
"p.Lys210Asn",0.261738,0.098398,0.069578
"p.Lys210Glu",0.533231,0.081671,0.05775
"p.Lys221Arg",0.981616,0.022274,0.01575
"p.Lys221Asn",1.08317,0.064249,0.045431
"p.Lys221Glu",0.979266,0.029435,0.020814
"p.Lys253=",1.044145,0.028231,0.019962
"p.Lys253Arg",1.031759,0.054958,0.038862
"p.Lys253Glu",0.663249,0.068849,0.048684
"p.Lys264=",1.073854,0.066991,0.04737
"p.Lys264Arg",1.19967,0.036807,0.026027
"p.Lys264Asn",0.762503,0.056017,0.03961
"p.Lys264Glu",0.844386,0.042678,0.030178
"p.Lys269=",0.880283,0.09047,0.063972
"p.Lys269Arg",1.115826,0.030296,0.021423
"p.Lys269Asn",0.882779,0.068785,0.048638
"p.Lys269Glu",1.021196,0.031116,0.022002
"p.Lys278=",1.021363,0.092127,0.065144
"p.Lys278Arg",1.147576,0.027485,0.019435
"p.Lys278Asn",0.957019,0.06824,0.048253
"p.Lys278Glu",0.880822,0.072756,0.051446
"p.Lys28Arg",0.966477,0.040862,0.028894
"p.Lys28Asn",0.772567,0.057931,0.040963
"p.Lys28Glu",0.731173,0.025529,0.018052
"p.Lys293=",1.165898,0.074149,0.052432
"p.Lys293Arg",1.076526,0.024255,0.017151
"p.Lys293Asn",0.844781,0.034302,0.024255
"p.Lys293Glu",0.940137,0.0362,0.025597
"p.Lys29Arg",0.92474,0.027011,0.0191
"p.Lys29Asn",0.843773,0.039817,0.028155
"p.Lys29Glu",0.410639,0.042462,0.030025
"p.Lys309Arg",1.034819,0.060979,0.043119
"p.Lys309Asn",0.507005,0.066752,0.047201
"p.Lys309Glu",1.012461,0.038994,0.027573
"p.Lys329Arg",1.09428,0.023051,0.016299
"p.Lys329Glu",0.970268,0.035995,0.025452
"p.Lys348=",1.094741,0.063215,0.0447
"p.Lys348Arg",1.094829,0.028893,0.020431
"p.Lys348Asn",1.079043,0.070018,0.04951
"p.Lys348Glu",0.8328,0.061542,0.043517
"p.Lys364Arg",1.017342,0.023652,0.016724
"p.Lys364Asn",0.742734,0.058261,0.041197
"p.Lys364Glu",1.073236,0.060601,0.042852
"p.Lys379Arg",1.00883,0.041384,0.029263
"p.Lys379Glu",0.808933,0.055741,0.039415
"p.Lys418=",1.135334,0.026644,0.01884
"p.Lys418Arg",1.014569,0.065544,0.046346
"p.Lys418Glu",1.031499,0.033308,0.023552
"p.Lys418Leu",0.158596,0.097564,0.068988
"p.Lys422=",1.142531,0.031901,0.022557
"p.Lys422Arg",1.037806,0.034416,0.024336
"p.Lys422Glu",1.10926,0.040115,0.028366
"p.Lys435=",1.00024,0.074467,0.052656
"p.Lys435Arg",1.076953,0.024571,0.017375
"p.Lys435Asn",0.729504,0.055928,0.039547
"p.Lys435Glu",0.803521,0.024051,0.017007
"p.Lys435Thr",0.941576,0.106275,0.075148
"p.Lys437=",1.063482,0.025772,0.018224
"p.Lys437Arg",1.056078,0.028692,0.020288
"p.Lys437Asn",0.822428,0.070406,0.049784
"p.Lys437Glu",1.007786,0.033227,0.023495
"p.Lys54Arg",1.105437,0.034771,0.024587
"p.Lys54Asn",0.874116,0.089109,0.06301
"p.Lys54Glu",1.126415,0.122756,0.086801
"p.Lys79Arg",0.927725,0.155468,0.109933
"p.Lys79Glu",0.38402,0.207907,0.147012
"p.Lys89Arg",1.065562,0.031007,0.021926
"p.Lys89Asn",0.778748,0.095687,0.067661
"p.Lys89Glu",0.797333,0.060335,0.042664
"p.Met132Ile",0.941757,0.02634,0.018625
"p.Met132Thr",0.878806,0.058823,0.041594
"p.Met132Val",1.066504,0.04168,0.029472
"p.Met134Ile",0.939244,0.073928,0.052275
"p.Met134Thr",0.843126,0.035789,0.025307
"p.Met134Val",0.861225,0.044573,0.031518
"p.Met168Ile",0.706006,0.04318,0.030533
"p.Met168Thr",0.758877,0.044439,0.031423
"p.Met168Val",0.813742,0.044025,0.03113
"p.Met23Ile",0.931679,0.066025,0.046686
"p.Met23Thr",0.725058,0.037202,0.026306
"p.Met23Val",0.826825,0.063117,0.044631
"p.Met250Ile",1.022661,0.030649,0.021672
"p.Met250Thr",0.506849,0.048346,0.034186
"p.Met250Val",0.910602,0.09533,0.067408
"p.Met260Ile",1.032652,0.033217,0.023488
"p.Met260Thr",0.663489,0.040288,0.028488
"p.Met260Val",0.922973,0.038817,0.027448
"p.Met336Ile",0.973985,0.053894,0.038109
"p.Met336Thr",1.033319,0.03242,0.022925
"p.Met336Val",0.938033,0.043,0.030406
"p.Met33Ile",0.830849,0.040768,0.028827
"p.Met33Thr",0.537125,0.053486,0.037821
"p.Met33Val",1.046639,0.0397,0.028072
"p.Met424Ile",0.943213,0.040658,0.02875
"p.Met424Thr",1.078094,0.044808,0.031684
"p.Met424Val",1.030839,0.031711,0.022423
"p.Met434Ile",0.821625,0.075366,0.053292
"p.Met434Thr",0.937545,0.063955,0.045223
"p.Met434Val",0.990444,0.034227,0.024202
"p.Met66Ile",0.704372,0.038903,0.027509
"p.Met66Thr",0.873861,0.039162,0.027692
"p.Met66Val",0.907578,0.042044,0.02973
"p.Met82Ile",0.883181,0.03074,0.021736
"p.Met82Thr",0.728998,0.03499,0.024742
"p.Met82Val",0.721917,0.04478,0.031665
"p.Met90Ile",0.911414,0.041084,0.029051
"p.Met90Thr",0.782994,0.104384,0.07381
"p.Met90Val",0.73491,0.040607,0.028713
"p.Phe102=",0.878442,0.059186,0.041851
"p.Phe102Leu",0.915481,0.032793,0.023188
"p.Phe102Ser",0.501947,0.059129,0.041811
"p.Phe109=",1.11929,0.047574,0.03364
"p.Phe109Leu",0.437574,0.043586,0.03082
"p.Phe109Ser",0.235646,0.072665,0.051382
"p.Phe135=",1.01807,0.04183,0.029578
"p.Phe135Leu",1.053246,0.03001,0.02122
"p.Phe135Ser",0.864789,0.048669,0.034414
"p.Phe135Val",1.046492,0.097045,0.068621
"p.Phe140=",0.89384,0.067747,0.047904
"p.Phe140Leu",0.812577,0.027439,0.019402
"p.Phe140Ser",0.173806,0.109322,0.077302
"p.Phe143=",0.894446,0.067987,0.048074
"p.Phe143Leu",0.82508,0.038643,0.027324
"p.Phe143Ser",0.257754,0.059984,0.042415
"p.Phe146=",1.091126,0.046878,0.033148
"p.Phe146Leu",0.453803,0.028727,0.020313
"p.Phe146Ser",0.998606,0.038784,0.027425
"p.Phe150=",1.061611,0.044413,0.031405
"p.Phe150Leu",1.047527,0.030486,0.021557
"p.Phe150Ser",0.614334,0.05604,0.039626
"p.Phe158=",1.177228,0.047821,0.033814
"p.Phe158Leu",1.075645,0.030209,0.021361
"p.Phe158Ser",0.87516,0.044056,0.031152
"p.Phe175=",1.032934,0.04242,0.029996
"p.Phe175Leu",0.569416,0.039406,0.027864
"p.Phe175Ser",0.343441,0.105131,0.074339
"p.Phe175Val",0.300948,0.098767,0.069839
"p.Phe184=",1.232814,0.053443,0.03779
"p.Phe184Leu",1.094213,0.071068,0.050253
"p.Phe184Ser",0.267531,0.043773,0.030952
"p.Phe238=",1.153378,0.046373,0.032791
"p.Phe238Leu",0.464234,0.049359,0.034902
"p.Phe238Ser",0.227104,0.069094,0.048857
"p.Phe380=",1.192169,0.054805,0.038753
"p.Phe380Leu",1.063234,0.044664,0.031582
"p.Phe380Ser",0.437495,0.100272,0.070903
"p.Phe380Val",1.257456,0.078835,0.055745
"p.Phe399=",1.20094,0.078507,0.055513
"p.Phe399Leu",0.838275,0.031536,0.022299
"p.Phe399Ser",0.251984,0.043285,0.030607
"p.Phe410=",1.042288,0.063549,0.044936
"p.Phe410Leu",1.019928,0.043108,0.030482
"p.Phe410Ser",0.65791,0.115796,0.08188
"p.Phe410Val",0.869307,0.078683,0.055637
"p.Phe429=",1.020136,0.043405,0.030692
"p.Phe429Ile",0.734765,0.247916,0.175303
"p.Phe429Leu",1.118715,0.038472,0.027204
"p.Phe429Ser",0.719025,0.04907,0.034697
"p.Phe429Val",1.08814,0.092871,0.06567
"p.Phe431=",1.213657,0.061138,0.043231
"p.Phe431Leu",1.042428,0.030925,0.021867
"p.Phe431Ser",0.919579,0.077314,0.054669
"p.Phe442=",1.102129,0.037619,0.026601
"p.Phe442Leu",0.960102,0.03354,0.023716
"p.Phe442Ser",1.121106,0.097759,0.069126
"p.Phe56=",1.040882,0.036941,0.026121
"p.Phe56Leu",1.038808,0.04609,0.03259
"p.Phe56Ser",1.119516,0.057319,0.04053
"p.Phe80=",1.084543,0.056099,0.039668
"p.Phe80Leu",0.601984,0.10719,0.075795
"p.Phe80Ser",0.523335,0.150895,0.106699
"p.Pro120=",1.004092,0.031711,0.022423
"p.Pro120Leu",0.292952,0.104981,0.074233
"p.Pro120Ser",0.68767,0.039039,0.027605
"p.Pro155=",1.040021,0.064301,0.045468
"p.Pro155Leu",0.764977,0.039838,0.028169
"p.Pro155Ser",0.962923,0.046435,0.032834
"p.Pro163=",1.078175,0.042657,0.030163
"p.Pro163Leu",1.047425,0.053755,0.03801
"p.Pro163Ser",0.675048,0.044207,0.031259
"p.Pro201=",1.035429,0.043071,0.030456
"p.Pro201Leu",0.852471,0.060147,0.042531
"p.Pro201Ser",0.932762,0.039521,0.027945
"p.Pro201Thr",0.395836,0.12302,0.086989
"p.Pro223=",0.988888,0.05557,0.039294
"p.Pro223Leu",0.306257,0.086763,0.06135
"p.Pro223Ser",1.062263,0.067163,0.047491
"p.Pro227=",0.930481,0.032671,0.023102
"p.Pro227Gln",0.034951,0.100931,0.071369
"p.Pro227Leu",0.531812,0.037608,0.026593
"p.Pro227Ser",0.617295,0.106463,0.075281
"p.Pro235=",0.975528,0.029172,0.020627
"p.Pro235Leu",0.314222,0.094238,0.066636
"p.Pro235Ser",1.004898,0.057512,0.040667
"p.Pro254=",1.00385,0.034401,0.024325
"p.Pro254His",0.188316,0.162502,0.114906
"p.Pro254Leu",0.838725,0.07095,0.050169
"p.Pro254Ser",1.017796,0.074477,0.052663
"p.Pro284=",1.114318,0.054683,0.038667
"p.Pro284Leu",0.310325,0.057816,0.040882
"p.Pro284Ser",0.86876,0.047079,0.03329
"p.Pro288=",0.981474,0.017861,0.012629
"p.Pro288Leu",0.845402,0.038318,0.027095
"p.Pro288Ser",0.925241,0.033822,0.023916
"p.Pro288Thr",0,0.148084,0.104711
"p.Pro307=",1.030938,0.068245,0.048256
"p.Pro307Leu",0.875281,0.037305,0.026379
"p.Pro307Ser",0.921512,0.04625,0.032704
"p.Pro307Thr",0.865438,0.050926,0.03601
"p.Pro322=",0.911125,0.035295,0.024957
"p.Pro322Leu",0.237198,0.056437,0.039907
"p.Pro322Ser",0.793318,0.049865,0.03526
"p.Pro362=",1.051826,0.023538,0.016644
"p.Pro362Leu",0.503906,0.108221,0.076523
"p.Pro362Ser",0.686611,0.052178,0.036896
"p.Pro368=",1,0.019095,0.013502
"p.Pro368Gln",0,0.107509,0.07602
"p.Pro368Leu",0.855495,0.050098,0.035425
"p.Pro368Ser",0.970861,0.079018,0.055874
"p.Pro37=",0.935149,0.065188,0.046095
"p.Pro375=",0.999052,0.069821,0.049371
"p.Pro375Leu",0.330308,0.064037,0.045281
"p.Pro375Ser",0.578117,0.138151,0.097687
"p.Pro37Leu",0.92953,0.055406,0.039178
"p.Pro37Ser",0.903056,0.074429,0.052629
"p.Pro37Thr",0.460465,0.137555,0.097266
"p.Pro389=",0.855337,0.035782,0.025302
"p.Pro389Leu",0.815732,0.042306,0.029915
"p.Pro389Ser",0.864998,0.048437,0.03425
"p.Pro48=",0.942528,0.05965,0.042179
"p.Pro48Leu",0.274528,0.063147,0.044652
"p.Pro48Ser",0.275227,0.07639,0.054016
"p.Pro62=",0.856283,0.056682,0.04008
"p.Pro62Leu",0.908606,0.052303,0.036984
"p.Pro62Ser",0.938574,0.056316,0.039821
"p.Pro63=",1.092527,0.027958,0.019769
"p.Pro63His",0.794288,0.105109,0.074324
"p.Pro63Leu",0.924869,0.077982,0.055142
"p.Pro63Ser",1.083223,0.09599,0.067875
"p.Pro78=",0.974518,0.067421,0.047674
"p.Pro78Leu",0.514056,0.038125,0.026959
"p.Pro78Ser",1.209341,0.047153,0.033342
"p.Ser108=",0.874414,0.07371,0.052121
"p.Ser108Asn",0.951293,0.055662,0.039359
"p.Ser108Gly",0.982257,0.035533,0.025126
"p.Ser108Ile",0.194275,0.115872,0.081934
"p.Ser121=",1.164453,0.054563,0.038582
"p.Ser121Pro",0.930929,0.026148,0.018489
"p.Ser129=",1.069786,0.058702,0.041509
"p.Ser129Phe",0.36986,0.231496,0.163692
"p.Ser129Pro",0.746937,0.031955,0.022596
"p.Ser167=",1.073863,0.052528,0.037143
"p.Ser167Arg",1.120817,0.099456,0.070326
"p.Ser167Asn",1.076193,0.052844,0.037367
"p.Ser167Gly",0.956718,0.038237,0.027038
"p.Ser167Ile",0.608154,0.061307,0.043351
"p.Ser20=",0.979743,0.019811,0.014008
"p.Ser20Pro",0.080632,0.03469,0.02453
"p.Ser213=",1.196593,0.027289,0.019296
"p.Ser213Arg",1.03713,0.084511,0.059758
"p.Ser213Gly",0.775442,0.045318,0.032045
"p.Ser213Ile",1.084665,0.080486,0.056912
"p.Ser215=",0.907209,0.046517,0.032892
"p.Ser215Phe",0.342682,0.061436,0.043442
"p.Ser215Pro",0.27886,0.036827,0.02604
"p.Ser222=",0.813249,0.05491,0.038827
"p.Ser222Asn",0.53563,0.103478,0.07317
"p.Ser222Gly",0.904508,0.028115,0.01988
"p.Ser222Ile",0,0.054373,0.038448
"p.Ser24=",1.078641,0.037576,0.02657
"p.Ser242=",1.092155,0.029943,0.021173
"p.Ser242Asn",0.234828,0.243998,0.172533
"p.Ser242Gly",1.058027,0.035136,0.024845
"p.Ser242Ile",0.078648,0.086211,0.06096
"p.Ser24Phe",0.145084,0.109003,0.077077
"p.Ser24Pro",0.188521,0.036122,0.025542
"p.Ser270=",0.83017,0.044084,0.031172
"p.Ser270Phe",1.001837,0.129723,0.091728
"p.Ser270Pro",0.278524,0.081852,0.057878
"p.Ser285=",0.949305,0.05836,0.041266
"p.Ser285Asn",0.976674,0.058637,0.041463
"p.Ser285Gly",1.055829,0.034815,0.024618
"p.Ser285Ile",0.551086,0.06358,0.044958
"p.Ser305=",0.877764,0.045947,0.03249
"p.Ser305Asn",1.067075,0.069277,0.048986
"p.Ser305Gly",1.022301,0.038683,0.027353
"p.Ser305Ile",0.553576,0.121603,0.085986
"p.Ser316=",1.13157,0.037399,0.026445
"p.Ser316Phe",0,0.108303,0.076582
"p.Ser316Pro",0.3067,0.037464,0.026491
"p.Ser330=",1.131632,0.022304,0.015771
"p.Ser330Pro",0.172111,0.0401,0.028355
"p.Ser338=",1.077302,0.050237,0.035523
"p.Ser338Phe",0.039635,0.235543,0.166554
"p.Ser338Pro",0.202167,0.062553,0.044232
"p.Ser338Thr",0.864715,0.086456,0.061133
"p.Ser354=",0.931838,0.070441,0.049809
"p.Ser354Arg",0.415632,0.063209,0.044696
"p.Ser354Asn",0.713221,0.067694,0.047867
"p.Ser354Gly",0.867988,0.029085,0.020566
"p.Ser354Ile",0.244959,0.059942,0.042386
"p.Ser384=",1.056393,0.036759,0.025992
"p.Ser384Gly",1.109907,0.03926,0.027761
"p.Ser384Ile",0.727434,0.091835,0.064937
"p.Ser396=",0.907886,0.069061,0.048833
"p.Ser396Asn",0.980426,0.109899,0.07771
"p.Ser396Gly",0.912851,0.042997,0.030404
"p.Ser396Ile",0.350911,0.076404,0.054026
"p.Ser401=",0.892164,0.047955,0.03391
"p.Ser401Phe",0.369973,0.087137,0.061615
"p.Ser401Pro",0.916377,0.040993,0.028987
"p.Ser403=",0.987888,0.044149,0.031218
"p.Ser403Phe",0.775679,0.060307,0.042643
"p.Ser403Pro",0.892403,0.036057,0.025496
"p.Ser43=",1.027158,0.125344,0.088631
"p.Ser43Asn",0.799427,0.069197,0.048929
"p.Ser43Gly",1.087626,0.025321,0.017905
"p.Ser43Ile",0.659278,0.095767,0.067717
"p.Ser44=",0.860393,0.065298,0.046172
"p.Ser44Phe",0.904977,0.075587,0.053448
"p.Ser44Pro",0.971056,0.044742,0.031638
"p.Ser45=",1.040923,0.068809,0.048655
"p.Ser45Pro",0.364698,0.028303,0.020013
"p.Ser65=",0.807138,0.059818,0.042298
"p.Ser65Leu",1.068656,0.090352,0.063888
"p.Ser65Pro",0.927727,0.027971,0.019778
"p.Thr12=",1.041746,0.032603,0.023053
"p.Thr122=",1.125696,0.041105,0.029066
"p.Thr122Ala",0.928609,0.037047,0.026196
"p.Thr122Ser",1.139779,0.125369,0.08865
"p.Thr124=",1.120414,0.038681,0.027351
"p.Thr124Ala",0.937937,0.032204,0.022772
"p.Thr124Ile",1.291158,0.071599,0.050628
"p.Thr12Ala",0.824661,0.026178,0.018511
"p.Thr12Ile",0,0.223242,0.157856
"p.Thr15=",0.942784,0.026434,0.018692
"p.Thr157=",0.774431,0.051841,0.036657
"p.Thr157Ala",0.615498,0.043604,0.030833
"p.Thr15Ala",1.020415,0.035956,0.025424
"p.Thr15Ile",1.111501,0.06784,0.04797
"p.Thr165=",0.991029,0.054157,0.038295
"p.Thr165Ala",1.100441,0.032773,0.023174
"p.Thr165Pro",0.324116,0.098245,0.069469
"p.Thr166=",0.951957,0.042263,0.029885
"p.Thr166Ala",1.01086,0.040908,0.028927
"p.Thr166Ile",0.80487,0.072188,0.051045
"p.Thr185=",1.169685,0.0317,0.022415
"p.Thr185Ala",1.073473,0.028847,0.020398
"p.Thr185Ile",1.23452,0.091361,0.064602
"p.Thr194=",1.157943,0.035287,0.024952
"p.Thr194Ala",0.962259,0.02419,0.017105
"p.Thr194Ile",0.942698,0.084351,0.059645
"p.Thr194Ser",0.708385,0.066883,0.047294
"p.Thr205=",1.095793,0.025052,0.017714
"p.Thr205Ala",1.053236,0.026836,0.018976
"p.Thr205Ile",0.734864,0.084853,0.06
"p.Thr248=",1.005714,0.033162,0.023449
"p.Thr248Ala",0.742152,0.031835,0.02251
"p.Thr248Ile",0.97957,0.110786,0.078338
"p.Thr311=",1.029539,0.040315,0.028507
"p.Thr311Ala",0.915583,0.036826,0.02604
"p.Thr311Ile",0.890822,0.045185,0.031951
"p.Thr355=",0.854945,0.057722,0.040816
"p.Thr355Ala",1.005468,0.069614,0.049225
"p.Thr355Ile",0.401297,0.071944,0.050872
"p.Thr356=",0.997306,0.057728,0.04082
"p.Thr356Ala",0.999548,0.036108,0.025532
"p.Thr356Ile",0.839062,0.098518,0.069662
"p.Thr359=",1.162997,0.037022,0.026178
"p.Thr359Ala",0.675825,0.0273,0.019304
"p.Thr360=",0.9968,0.024039,0.016998
"p.Thr360Ala",1.008266,0.029499,0.020859
"p.Thr360Met",1.000347,0.029383,0.020777
"p.Thr407=",0.951077,0.03632,0.025682
"p.Thr407Ala",0.950249,0.029319,0.020731
"p.Thr407Ile",0.740388,0.043781,0.030958
"p.Thr407Ser",1.213167,0.119608,0.084575
"p.Thr408=",1.041664,0.033949,0.024005
"p.Thr408Ala",0.958919,0.056135,0.039694
"p.Thr408Ile",0.705506,0.084692,0.059886
"p.Thr408Ser",0.824029,0.087195,0.061656
"p.Thr412=",1.117739,0.033962,0.024015
"p.Thr412Ala",0.94558,0.031001,0.021921
"p.Thr412Ile",1.101678,0.07209,0.050975
"p.Thr413=",1.019012,0.053564,0.037876
"p.Thr413Ala",1.153229,0.026799,0.01895
"p.Thr413Ile",0.563221,0.093886,0.066387
"p.Thr427=",1.01754,0.020894,0.014774
"p.Thr427Ala",1.049039,0.026312,0.018605
"p.Thr427Met",0.965368,0.051127,0.036152
"p.Thr47=",0.947828,0.050712,0.035859
"p.Thr47Ala",0.828898,0.031776,0.022469
"p.Thr47Ile",0.774672,0.101869,0.072033
"p.Thr94=",1.127145,0.051175,0.036186
"p.Thr94Ala",0.778642,0.07411,0.052404
"p.Thr94Ile",0.207953,0.106868,0.075567
"p.Thr97=",0.898532,0.030284,0.021414
"p.Thr97Ala",1.065488,0.029668,0.020978
"p.Thr97Ile",0.78583,0.169165,0.119618
"p.Trp72Arg",0.299039,0.054173,0.038306
"p.Trp72Cys",0.129951,0.186912,0.132167
"p.Trp72Leu",0.104241,0.0825,0.058337
"p.Tyr111=",1.007334,0.064807,0.045825
"p.Tyr111Cys",1.101778,0.053347,0.037722
"p.Tyr111His",0.879591,0.027239,0.019261
"p.Tyr117Cys",1.102888,0.038213,0.02702
"p.Tyr117His",1.173835,0.044203,0.031256
"p.Tyr172=",0.99165,0.05199,0.036763
"p.Tyr172Cys",0.81783,0.033196,0.023473
"p.Tyr172His",0.652251,0.030774,0.021761
"p.Tyr192=",1.08609,0.079306,0.056077
"p.Tyr192Cys",0.994732,0.032598,0.02305
"p.Tyr192His",1.117177,0.027036,0.019117
"p.Tyr197=",0.854619,0.064521,0.045623
"p.Tyr197Cys",0.391,0.044688,0.031599
"p.Tyr197His",0.817726,0.044534,0.03149
"p.Tyr212=",1.021717,0.052836,0.037361
"p.Tyr212Cys",0.974761,0.030766,0.021755
"p.Tyr212His",0.98616,0.037199,0.026304
"p.Tyr219=",0.992883,0.029933,0.021166
"p.Tyr219Cys",0.91645,0.056995,0.040302
"p.Tyr219His",0.975909,0.036182,0.025585
"p.Tyr226=",1.039475,0.05193,0.03672
"p.Tyr226His",0.782391,0.084538,0.059777
"p.Tyr229=",1.053635,0.087785,0.062074
"p.Tyr229Cys",0.955397,0.045741,0.032344
"p.Tyr229His",0.752128,0.039233,0.027742
"p.Tyr245=",1.090113,0.054591,0.038601
"p.Tyr245Cys",1.11215,0.041714,0.029497
"p.Tyr245His",0.974279,0.071067,0.050252
"p.Tyr249=",1.156926,0.081516,0.057641
"p.Tyr249Cys",0.887264,0.063127,0.044638
"p.Tyr286=",1.137031,0.064797,0.045819
"p.Tyr286Cys",0.497694,0.02966,0.020973
"p.Tyr286His",0.823916,0.037108,0.026239
"p.Tyr333=",1.237702,0.071223,0.050362
"p.Tyr333Cys",1.07204,0.051084,0.036122
"p.Tyr333His",1.246934,0.045498,0.032172
"p.Tyr339=",1.187831,0.08672,0.06132
"p.Tyr339Cys",1.068194,0.034877,0.024662
"p.Tyr339His",0.997463,0.037869,0.026777
"p.Tyr349=",1.195856,0.041704,0.029489
"p.Tyr349Cys",0.842283,0.04038,0.028553
"p.Tyr349His",0.934549,0.052393,0.037048
"p.Tyr38=",0.952998,0.100919,0.07136
"p.Tyr387=",1.016428,0.039422,0.027876
"p.Tyr387Cys",1.238357,0.059932,0.042378
"p.Tyr387His",0.810837,0.039646,0.028034
"p.Tyr38Cys",1.004953,0.037874,0.026781
"p.Tyr38His",1.092049,0.045039,0.031847
"p.Tyr39=",1.119062,0.052414,0.037062
"p.Tyr39Cys",0.454862,0.065901,0.046599
"p.Tyr39His",0.660792,0.038477,0.027207
"p.Tyr404=",1.159695,0.039445,0.027892
"p.Tyr404Cys",1.007405,0.035171,0.024869
"p.Tyr404His",0.974366,0.032762,0.023167
"p.Tyr421=",1.051552,0.079289,0.056066
"p.Tyr421Cys",1.027649,0.031948,0.022591
"p.Tyr421His",0.994516,0.052275,0.036964
"p.Tyr5=",1.160515,0.063167,0.044666
"p.Tyr53=",0.885256,0.049549,0.035037
"p.Tyr53Cys",0.918773,0.053107,0.037552
"p.Tyr53His",0.91322,0.034676,0.02452
"p.Tyr5Cys",0.164322,0.065418,0.046258
"p.Tyr5His",0.011977,0.117383,0.083002
"p.Tyr93=",0.903426,0.078027,0.055173
"p.Tyr93Cys",0.789356,0.067683,0.047859
"p.Tyr93His",1.012405,0.032901,0.023265
"p.Tyr99=",0.999457,0.063477,0.044885
"p.Tyr99Cys",0.627945,0.039504,0.027934
"p.Tyr99His",0.73743,0.037812,0.026737
"p.Val104=",1.017536,0.024737,0.017491
"p.Val104Ala",0.972452,0.038509,0.02723
"p.Val104Leu",0.6755,0.064126,0.045344
"p.Val104Met",0.8239,0.130931,0.092582
"p.Val105=",0.905389,0.031645,0.022377
"p.Val105Ala",0.881466,0.042427,0.030001
"p.Val105Leu",0.511957,0.05158,0.036472
"p.Val105Met",0.933672,0.053309,0.037695
"p.Val110=",1.152786,0.069187,0.048923
"p.Val110Ala",0.954587,0.029068,0.020554
"p.Val110Ile",0.744538,0.090408,0.063928
"p.Val119=",0.663578,0.029681,0.020988
"p.Val119Ala",1.015039,0.03296,0.023306
"p.Val145=",0.845113,0.056381,0.039868
"p.Val145Ala",1.090757,0.033902,0.023972
"p.Val145Leu",1.155129,0.066713,0.047173
"p.Val145Met",0.989543,0.056821,0.040179
"p.Val147=",1.028825,0.02356,0.016659
"p.Val147Ala",1.023835,0.039429,0.02788
"p.Val147Glu",0.736358,0.253335,0.179135
"p.Val147Met",0.354917,0.277694,0.19636
"p.Val161=",1.017022,0.047128,0.033325
"p.Val161Ala",0.828148,0.050505,0.035712
"p.Val161Ile",1.008952,0.047201,0.033376
"p.Val161Phe",0.929239,0.052978,0.037461
"p.Val171=",1.038949,0.071409,0.050494
"p.Val171Ala",0.934402,0.034277,0.024237
"p.Val171Ile",0.941089,0.053985,0.038173
"p.Val171Phe",0.339689,0.135064,0.095505
"p.Val181=",0.969005,0.070041,0.049526
"p.Val181Ala",0.97473,0.026055,0.018424
"p.Val181Ile",1.078015,0.078791,0.055713
"p.Val181Phe",0.375783,0.129195,0.091355
"p.Val206=",0.898681,0.050326,0.035586
"p.Val206Ala",0.594141,0.029978,0.021198
"p.Val206Asp",0.367966,0.108055,0.076406
"p.Val206Ile",0.877228,0.043037,0.030432
"p.Val206Phe",1.037221,0.034832,0.02463
"p.Val25=",0.379706,0.108894,0.077
"p.Val255=",1.061327,0.029246,0.02068
"p.Val255Ala",0.733108,0.04458,0.031523
"p.Val255Glu",0.416353,0.055956,0.039567
"p.Val255Leu",0.737847,0.078133,0.055248
"p.Val255Met",0.401142,0.124107,0.087757
"p.Val25Ala",1.022946,0.028498,0.020151
"p.Val25Glu",1.181151,0.073773,0.052166
"p.Val25Leu",0.854689,0.057268,0.040495
"p.Val25Met",0.818893,0.141178,0.099828
"p.Val265=",0.820539,0.029409,0.020796
"p.Val265Ala",0.995645,0.032066,0.022674
"p.Val265Leu",0.827278,0.051848,0.036662
"p.Val265Met",0.632656,0.080177,0.056694
"p.Val266=",0.854624,0.025071,0.017728
"p.Val266Ala",0.856256,0.031209,0.022068
"p.Val266Glu",1.009422,0.093024,0.065778
"p.Val266Gly",0.925896,0.052951,0.037442
"p.Val266Leu",1.025771,0.067998,0.048082
"p.Val266Met",0.979765,0.067815,0.047953
"p.Val268=",0.750949,0.04528,0.032018
"p.Val268Ala",0.363625,0.040627,0.028728
"p.Val268Leu",0.747479,0.052275,0.036964
"p.Val268Met",0.396558,0.136252,0.096345
"p.Val274=",0.851307,0.031029,0.021941
"p.Val274Ala",0.731749,0.033942,0.024
"p.Val274Glu",0.679036,0.086304,0.061026
"p.Val274Leu",1.027894,0.063666,0.045018
"p.Val274Met",1.185601,0.092478,0.065392
"p.Val291=",0.976322,0.039602,0.028003
"p.Val291Ala",1.009082,0.030617,0.021649
"p.Val291Leu",0.57426,0.072098,0.050981
"p.Val291Met",0.537766,0.080731,0.057086
"p.Val297=",1.039774,0.059403,0.042004
"p.Val297Ala",0.959547,0.044138,0.03121
"p.Val297Ile",0.823,0.082663,0.058451
"p.Val297Phe",0.61691,0.232136,0.164145
"p.Val30=",0.922258,0.071681,0.050686
"p.Val30Ala",0.310401,0.040897,0.028919
"p.Val30Leu",0.61063,0.070732,0.050015
"p.Val30Met",0.276799,0.135177,0.095584
"p.Val326=",0.993908,0.036729,0.025972
"p.Val326Ala",1.054641,0.030412,0.021505
"p.Val326Ile",1.09252,0.063339,0.044787
"p.Val326Phe",1.048902,0.084177,0.059522
"p.Val334=",0.886957,0.036747,0.025984
"p.Val334Ala",0.620878,0.051179,0.036189
"p.Val334Leu",0.796611,0.074879,0.052948
"p.Val334Met",0.525337,0.088348,0.062472
"p.Val343=",1.008032,0.039037,0.027604
"p.Val343Ala",0.974904,0.042951,0.030371
"p.Val343Leu",0.204261,0.066958,0.047347
"p.Val343Met",0.252842,0.073499,0.051972
"p.Val357=",0.953802,0.029306,0.020723
"p.Val357Ala",0.9511,0.041156,0.029102
"p.Val357Glu",0.349041,0.059144,0.041821
"p.Val357Gly",0.794821,0.087546,0.061904
"p.Val357Leu",0.804273,0.114861,0.081219
"p.Val357Met",1.119418,0.072065,0.050957
"p.Val366=",1.027087,0.028613,0.020232
"p.Val366Ala",1.023205,0.042157,0.02981
"p.Val366Leu",1.087769,0.070551,0.049887
"p.Val366Met",1.067299,0.128985,0.091206
"p.Val381=",1.068634,0.024696,0.017463
"p.Val381Ala",0.911966,0.029296,0.020715
"p.Val381Glu",0.19129,0.281855,0.199302
"p.Val381Met",0.970088,0.065437,0.046271
"p.Val398=",0.865985,0.084821,0.059978
"p.Val398Ala",0.922247,0.052426,0.037071
"p.Val398Leu",0.675146,0.146773,0.103784
"p.Val441=",1.124665,0.06924,0.04896
"p.Val441Ala",1.086054,0.030617,0.021649
"p.Val441Ile",0.881714,0.053556,0.03787
"p.Val441Phe",1.065066,0.051157,0.036174
"p.Val7=",0.936656,0.068095,0.048151
"p.Val74=",1.043759,0.041091,0.029056
"p.Val74Ala",0.826906,0.033525,0.023706
"p.Val74Phe",0.668043,0.068739,0.048606
"p.Val7Ala",0.937765,0.035342,0.02499
"p.Val7Met",0.751408,0.101005,0.071421
"p.Val88=",1.246677,0.047212,0.033384
"p.Val88Ala",1.041135,0.08472,0.059906
"p.Val88Ile",0.88998,0.08356,0.059086
"p.Val88Leu",0.627749,0.104083,0.073597
"p.Val9=",0.998586,0.038917,0.027518
"p.Val96=",0.832627,0.050501,0.03571
"p.Val96Ala",1.029137,0.030231,0.021376
"p.Val96Leu",1.001387,0.070149,0.049603
"p.Val9Ala",0.64004,0.033249,0.023511
"p.Val9Leu",0.98434,0.085411,0.060395
"p.Val9Met",0.901732,0.073015,0.051629
