variant,score,pos
M1K,-17.383,1
M1R,-16.181,1
M1H,-15.172,1
M1E,-17.413,1
M1D,-17.666,1
M1N,-14.844,1
M1Q,-13.73,1
M1T,-12.14,1
M1S,-12.848,1
M1C,-15.042,1
M1G,-13.581,1
M1A,-11.838,1
M1V,-11.415,1
M1L,-12.796,1
M1I,-12.914,1
M1M,0.0,1
M1P,-13.951,1
M1Y,-16.863,1
M1F,-14.588,1
M1W,-19.527,1
S2K,-20.605,2
S2R,-19.44,2
S2H,-17.501,2
S2E,-19.135,2
S2D,-20.814,2
S2N,-14.557,2
S2Q,-17.18,2
S2T,-10.727,2
S2S,0.0,2
S2C,-13.657,2
S2G,-13.472,2
S2A,-10.18,2
S2V,-15.856,2
S2L,-15.547,2
S2I,-18.297,2
S2M,-15.366,2
S2P,-14.271,2
S2Y,-17.054,2
S2F,-17.257,2
S2W,-18.457,2
G3K,-16.692,3
G3R,-15.027,3
G3H,-16.111,3
G3E,-15.275,3
G3D,-15.338,3
G3N,-12.917,3
G3Q,-15.023,3
G3T,-11.811,3
G3S,-11.437,3
G3C,-13.939,3
G3G,0.0,3
G3A,-12.309,3
G3V,-12.339,3
G3L,-16.059,3
G3I,-14.143,3
G3M,-15.329,3
G3P,-16.239,3
G3Y,-18.213,3
G3F,-17.399,3
G3W,-17.952,3
I4K,-16.2,4
I4R,-14.655,4
I4H,-16.249,4
I4E,-20.538,4
I4D,-22.75,4
I4N,-16.303,4
I4Q,-15.455,4
I4T,-11.373,4
I4S,-14.098,4
I4C,-17.729,4
I4G,-16.121,4
I4A,-12.638,4
I4V,-7.904,4
I4L,-9.627,4
I4I,0.0,4
I4M,-8.775,4
I4P,-13.217,4
I4Y,-16.99,4
I4F,-13.446,4
I4W,-17.774,4
A5K,-19.067,5
A5R,-16.099,5
A5H,-17.268,5
A5E,-17.743,5
A5D,-17.112,5
A5N,-15.354,5
A5Q,-17.554,5
A5T,-10.765,5
A5S,-7.875,5
A5C,-10.779,5
A5G,-10.126,5
A5A,0.0,5
A5V,-11.582,5
A5L,-15.349,5
A5I,-15.443,5
A5M,-16.017,5
A5P,-11.953,5
A5Y,-15.277,5
A5F,-14.419,5
A5W,-16.148,5
L6K,-17.212,6
L6R,-12.066,6
L6H,-13.913,6
L6E,-19.686,6
L6D,-21.301,6
L6N,-16.502,6
L6Q,-13.803,6
L6T,-12.69,6
L6S,-13.79,6
L6C,-12.679,6
L6G,-15.924,6
L6A,-14.377,6
L6V,-8.812,6
L6L,0.0,6
L6I,-7.12,6
L6M,-11.117,6
L6P,-16.155,6
L6Y,-13.017,6
L6F,-10.983,6
L6W,-13.94,6
S7K,-16.037,7
S7R,-13.392,7
S7H,-13.083,7
S7E,-15.523,7
S7D,-15.952,7
S7N,-6.865,7
S7Q,-12.035,7
S7T,-6.45,7
S7S,0.0,7
S7C,-9.893,7
S7G,-4.878,7
S7A,-7.251,7
S7V,-12.881,7
S7L,-12.815,7
S7I,-13.828,7
S7M,-11.558,7
S7P,-13.102,7
S7Y,-13.396,7
S7F,-13.464,7
S7W,-14.792,7
R8K,-14.415,8
R8R,0.0,8
R8H,-13.336,8
R8E,-18.992,8
R8D,-21.282,8
R8N,-18.544,8
R8Q,-13.079,8
R8T,-16.343,8
R8S,-15.052,8
R8C,-11.985,8
R8G,-15.277,8
R8A,-17.515,8
R8V,-17.19,8
R8L,-13.379,8
R8I,-15.955,8
R8M,-17.099,8
R8P,-16.239,8
R8Y,-17.804,8
R8F,-17.976,8
R8W,-12.738,8
L9K,-19.545,9
L9R,-15.76,9
L9H,-16.504,9
L9E,-21.641,9
L9D,-22.563,9
L9N,-19.632,9
L9Q,-15.999,9
L9T,-16.674,9
L9S,-16.935,9
L9C,-17.955,9
L9G,-20.659,9
L9A,-18.741,9
L9V,-12.699,9
L9L,0.0,9
L9I,-9.392,9
L9M,-11.837,9
L9P,-14.918,9
L9Y,-17.566,9
L9F,-12.191,9
L9W,-16.982,9
A10K,-16.197,10
A10R,-13.948,10
A10H,-13.956,10
A10E,-13.453,10
A10D,-15.278,10
A10N,-9.904,10
A10Q,-7.87,10
A10T,-7.185,10
A10S,-4.526,10
A10C,-10.462,10
A10G,-5.878,10
A10A,0.0,10
A10V,-10.343,10
A10L,-10.679,10
A10I,-12.442,10
A10M,-10.141,10
A10P,-15.874,10
A10Y,-14.629,10
A10F,-12.136,10
A10W,-15.629,10
Q11K,-14.827,11
Q11R,-15.511,11
Q11H,-10.995,11
Q11E,-4.58,11
Q11D,-11.81,11
Q11N,-14.065,11
Q11Q,0.0,11
Q11T,-13.816,11
Q11S,-13.604,11
Q11C,-16.779,11
Q11G,-12.789,11
Q11A,-12.984,11
Q11V,-14.46,11
Q11L,-12.332,11
Q11I,-15.765,11
Q11M,-11.887,11
Q11P,-19.198,11
Q11Y,-16.907,11
Q11F,-17.665,11
Q11W,-18.087,11
E12K,-16.761,12
E12R,-14.962,12
E12H,-15.611,12
E12E,0.0,12
E12D,-9.679,12
E12N,-15.955,12
E12Q,-12.602,12
E12T,-15.044,12
E12S,-14.394,12
E12C,-14.926,12
E12G,-11.257,12
E12A,-14.503,12
E12V,-15.111,12
E12L,-16.45,12
E12I,-17.388,12
E12M,-16.674,12
E12P,-21.474,12
E12Y,-17.0,12
E12F,-16.372,12
E12W,-18.421,12
R13K,-13.675,13
R13R,0.0,13
R13H,-14.087,13
R13E,-20.068,13
R13D,-22.623,13
R13N,-19.415,13
R13Q,-14.59,13
R13T,-16.216,13
R13S,-16.741,13
R13C,-15.051,13
R13G,-16.228,13
R13A,-18.57,13
R13V,-19.305,13
R13L,-15.232,13
R13I,-19.078,13
R13M,-18.209,13
R13P,-18.341,13
R13Y,-17.608,13
R13F,-17.602,13
R13W,-15.416,13
K14K,0.0,14
K14R,-8.363,14
K14H,-14.294,14
K14E,-18.406,14
K14D,-21.332,14
K14N,-12.969,14
K14Q,-13.472,14
K14T,-12.892,14
K14S,-14.565,14
K14C,-16.596,14
K14G,-16.367,14
K14A,-15.186,14
K14V,-15.536,14
K14L,-15.31,14
K14I,-15.237,14
K14M,-12.718,14
K14P,-18.985,14
K14Y,-17.291,14
K14F,-18.108,14
K14W,-17.334,14
A15K,-16.145,15
A15R,-14.718,15
A15H,-12.31,15
A15E,-14.376,15
A15D,-13.849,15
A15N,-10.215,15
A15Q,-9.2,15
A15T,-7.379,15
A15S,-6.012,15
A15C,-11.302,15
A15G,-7.975,15
A15A,0.0,15
A15V,-10.928,15
A15L,-10.841,15
A15I,-11.974,15
A15M,-11.556,15
A15P,-13.888,15
A15Y,-14.437,15
A15F,-13.753,15
A15W,-16.341,15
W16K,-19.884,16
W16R,-12.433,16
W16H,-16.336,16
W16E,-18.496,16
W16D,-19.823,16
W16N,-20.191,16
W16Q,-17.798,16
W16T,-18.19,16
W16S,-14.317,16
W16C,-12.52,16
W16G,-14.373,16
W16A,-17.052,16
W16V,-16.818,16
W16L,-12.477,16
W16I,-17.175,16
W16M,-16.038,16
W16P,-16.702,16
W16Y,-14.168,16
W16F,-14.008,16
W16W,0.0,16
R17K,-13.506,17
R17R,0.0,17
R17H,-13.958,17
R17E,-19.854,17
R17D,-21.967,17
R17N,-16.774,17
R17Q,-13.394,17
R17T,-13.168,17
R17S,-13.681,17
R17C,-13.567,17
R17G,-15.885,17
R17A,-16.838,17
R17V,-19.447,17
R17L,-15.104,17
R17I,-18.112,17
R17M,-15.675,17
R17P,-18.341,17
R17Y,-17.303,17
R17F,-18.366,17
R17W,-15.178,17
K18K,0.0,18
K18R,-8.848,18
K18H,-15.507,18
K18E,-11.185,18
K18D,-13.392,18
K18N,-13.399,18
K18Q,-13.232,18
K18T,-13.039,18
K18S,-14.717,18
K18C,-17.629,18
K18G,-15.434,18
K18A,-14.471,18
K18V,-13.482,18
K18L,-15.695,18
K18I,-14.526,18
K18M,-12.656,18
K18P,-19.099,18
K18Y,-18.924,18
K18F,-20.197,18
K18W,-18.783,18
D19K,-18.227,19
D19R,-19.416,19
D19H,-14.434,19
D19E,-8.174,19
D19D,0.0,19
D19N,-9.146,19
D19Q,-16.817,19
D19T,-15.797,19
D19S,-13.537,19
D19C,-17.078,19
D19G,-11.95,19
D19A,-15.219,19
D19V,-17.223,19
D19L,-18.378,19
D19I,-18.687,19
D19M,-19.95,19
D19P,-21.189,19
D19Y,-15.222,19
D19F,-18.504,19
D19W,-20.684,19
H20K,-15.296,20
H20R,-11.121,20
H20H,0.0,20
H20E,-17.996,20
H20D,-17.553,20
H20N,-12.981,20
H20Q,-12.979,20
H20T,-16.976,20
H20S,-15.368,20
H20C,-14.541,20
H20G,-16.927,20
H20A,-16.352,20
H20V,-18.3,20
H20L,-13.911,20
H20I,-17.995,20
H20M,-17.851,20
H20P,-13.917,20
H20Y,-11.55,20
H20F,-15.449,20
H20W,-17.595,20
P21K,-18.744,21
P21R,-15.456,21
P21H,-13.62,21
P21E,-18.431,21
P21D,-19.383,21
P21N,-17.882,21
P21Q,-13.54,21
P21T,-13.26,21
P21S,-12.442,21
P21C,-16.365,21
P21G,-17.039,21
P21A,-12.12,21
P21V,-15.407,21
P21L,-10.846,21
P21I,-15.866,21
P21M,-15.811,21
P21P,0.0,21
P21Y,-17.904,21
P21F,-16.766,21
P21W,-19.755,21
F22K,-21.761,22
F22R,-21.01,22
F22H,-15.406,22
F22E,-18.778,22
F22D,-18.75,22
F22N,-17.0,22
F22Q,-19.028,22
F22T,-18.335,22
F22S,-15.017,22
F22C,-15.086,22
F22G,-18.748,22
F22A,-17.134,22
F22V,-16.459,22
F22L,-12.935,22
F22I,-16.461,22
F22M,-17.233,22
F22P,-15.785,22
F22Y,-10.099,22
F22F,0.0,22
F22W,-16.324,22
G23K,-19.629,23
G23R,-17.464,23
G23H,-16.542,23
G23E,-13.84,23
G23D,-13.297,23
G23N,-14.371,23
G23Q,-17.913,23
G23T,-18.125,23
G23S,-12.411,23
G23C,-14.658,23
G23G,0.0,23
G23A,-14.335,23
G23V,-16.923,23
G23L,-18.22,23
G23I,-15.493,23
G23M,-18.608,23
G23P,-17.452,23
G23Y,-13.12,23
G23F,-14.445,23
G23W,-16.802,23
F24K,-22.797,24
F24R,-23.118,24
F24H,-20.034,24
F24E,-19.781,24
F24D,-21.166,24
F24N,-21.925,24
F24Q,-21.882,24
F24T,-21.369,24
F24S,-18.613,24
F24C,-16.7,24
F24G,-21.005,24
F24A,-19.476,24
F24V,-16.263,24
F24L,-14.692,24
F24I,-15.146,24
F24M,-16.588,24
F24P,-21.277,24
F24Y,-13.479,24
F24F,0.0,24
F24W,-16.289,24
V25K,-20.715,25
V25R,-19.555,25
V25H,-17.895,25
V25E,-19.41,25
V25D,-20.796,25
V25N,-17.859,25
V25Q,-19.124,25
V25T,-14.443,25
V25S,-13.883,25
V25C,-10.907,25
V25G,-15.985,25
V25A,-12.621,25
V25V,0.0,25
V25L,-12.765,25
V25I,-9.73,25
V25M,-13.124,25
V25P,-20.399,25
V25Y,-11.004,25
V25F,-13.234,25
V25W,-16.935,25
A26K,-20.329,26
A26R,-20.018,26
A26H,-20.342,26
A26E,-18.199,26
A26D,-17.99,26
A26N,-18.726,26
A26Q,-19.791,26
A26T,-14.208,26
A26S,-9.129,26
A26C,-14.786,26
A26G,-13.031,26
A26A,0.0,26
A26V,-12.369,26
A26L,-16.839,26
A26I,-19.312,26
A26M,-20.129,26
A26P,-14.108,26
A26Y,-19.248,26
A26F,-18.895,26
A26W,-21.254,26
V27K,-5.132,27
V27R,-5.78,27
V27H,-13.249,27
V27E,-12.368,27
V27D,-15.674,27
V27N,-12.458,27
V27Q,-9.185,27
V27T,-10.207,27
V27S,-8.959,27
V27C,-11.263,27
V27G,-12.364,27
V27A,-9.255,27
V27V,0.0,27
V27L,-6.355,27
V27I,-5.691,27
V27M,-7.175,27
V27P,-16.968,27
V27Y,-14.44,27
V27F,-12.074,27
V27W,-13.68,27
P28K,-16.574,28
P28R,-16.377,28
P28H,-14.811,28
P28E,-15.593,28
P28D,-16.995,28
P28N,-17.064,28
P28Q,-12.372,28
P28T,-13.686,28
P28S,-12.311,28
P28C,-18.064,28
P28G,-17.53,28
P28A,-12.063,28
P28V,-16.114,28
P28L,-14.194,28
P28I,-18.121,28
P28M,-17.492,28
P28P,0.0,28
P28Y,-18.527,28
P28F,-18.965,28
P28W,-20.675,28
T29K,-10.638,29
T29R,-12.923,29
T29H,-9.97,29
T29E,-3.386,29
T29D,-2.527,29
T29N,-7.596,29
T29Q,-7.731,29
T29T,0.0,29
T29S,-6.416,29
T29C,-11.034,29
T29G,-8.993,29
T29A,-7.534,29
T29V,-8.385,29
T29L,-9.857,29
T29I,-9.586,29
T29M,-9.175,29
T29P,-9.941,29
T29Y,-13.024,29
T29F,-12.627,29
T29W,-15.226,29
K30K,0.0,30
K30R,-7.848,30
K30H,-14.389,30
K30E,-13.364,30
K30D,-17.543,30
K30N,-13.797,30
K30Q,-11.325,30
K30T,-11.829,30
K30S,-14.764,30
K30C,-16.954,30
K30G,-17.792,30
K30A,-15.229,30
K30V,-15.644,30
K30L,-14.612,30
K30I,-16.146,30
K30M,-15.43,30
K30P,-14.538,30
K30Y,-18.203,30
K30F,-19.138,30
K30W,-19.299,30
N31K,-11.348,31
N31R,-11.373,31
N31H,-9.429,31
N31E,-10.049,31
N31D,-9.886,31
N31N,0.0,31
N31Q,-9.001,31
N31T,-9.649,31
N31S,-7.328,31
N31C,-10.09,31
N31G,-9.193,31
N31A,-5.79,31
N31V,-13.581,31
N31L,-9.646,31
N31I,-15.342,31
N31M,-10.716,31
N31P,-15.216,31
N31Y,-12.418,31
N31F,-12.851,31
N31W,-16.377,31
P32K,-10.033,32
P32R,-11.288,32
P32H,-9.776,32
P32E,-5.756,32
P32D,-7.324,32
P32N,-9.472,32
P32Q,-6.619,32
P32T,-8.101,32
P32S,-6.3,32
P32C,-13.507,32
P32G,-9.149,32
P32A,-5.592,32
P32V,-9.996,32
P32L,-9.904,32
P32I,-12.292,32
P32M,-12.931,32
P32P,0.0,32
P32Y,-14.08,32
P32F,-14.723,32
P32W,-17.748,32
D33K,-13.607,33
D33R,-17.408,33
D33H,-14.906,33
D33E,-8.307,33
D33D,0.0,33
D33N,-8.864,33
D33Q,-14.363,33
D33T,-14.798,33
D33S,-13.913,33
D33C,-14.593,33
D33G,-13.628,33
D33A,-14.934,33
D33V,-16.364,33
D33L,-15.72,33
D33I,-17.963,33
D33M,-17.225,33
D33P,-20.483,33
D33Y,-15.579,33
D33F,-19.067,33
D33W,-20.51,33
G34K,-10.801,34
G34R,-10.822,34
G34H,-11.798,34
G34E,-9.428,34
G34D,-9.032,34
G34N,-5.914,34
G34Q,-10.15,34
G34T,-11.255,34
G34S,-8.772,34
G34C,-10.291,34
G34G,0.0,34
G34A,-9.268,34
G34V,-12.356,34
G34L,-13.127,34
G34I,-16.785,34
G34M,-12.789,34
G34P,-19.962,34
G34Y,-13.573,34
G34F,-14.644,34
G34W,-15.104,34
T35K,-10.357,35
T35R,-12.232,35
T35H,-14.103,35
T35E,-14.89,35
T35D,-15.679,35
T35N,-9.625,35
T35Q,-12.41,35
T35T,0.0,35
T35S,-3.996,35
T35C,-9.32,35
T35G,-9.505,35
T35A,-5.767,35
T35V,-10.065,35
T35L,-11.524,35
T35I,-10.911,35
T35M,-11.617,35
T35P,-16.289,35
T35Y,-14.065,35
T35F,-13.029,35
T35W,-17.173,35
M36K,-14.705,36
M36R,-16.182,36
M36H,-15.985,36
M36E,-14.117,36
M36D,-15.968,36
M36N,-14.048,36
M36Q,-13.034,36
M36T,-9.573,36
M36S,-12.883,36
M36C,-14.839,36
M36G,-16.097,36
M36A,-10.309,36
M36V,-5.282,36
M36L,-5.643,36
M36I,-3.943,36
M36M,0.0,36
M36P,-11.824,36
M36Y,-13.901,36
M36F,-11.49,36
M36W,-16.074,36
N37K,-12.648,37
N37R,-15.353,37
N37H,-11.357,37
N37E,-11.406,37
N37D,-5.879,37
N37N,0.0,37
N37Q,-12.051,37
N37T,-13.818,37
N37S,-9.632,37
N37C,-13.621,37
N37G,-13.156,37
N37A,-13.03,37
N37V,-15.466,37
N37L,-16.657,37
N37I,-14.832,37
N37M,-14.598,37
N37P,-17.475,37
N37Y,-13.743,37
N37F,-16.16,37
N37W,-18.833,37
L38K,-18.176,38
L38R,-16.432,38
L38H,-16.026,38
L38E,-20.319,38
L38D,-21.532,38
L38N,-17.649,38
L38Q,-14.904,38
L38T,-15.559,38
L38S,-14.876,38
L38C,-15.283,38
L38G,-19.623,38
L38A,-17.033,38
L38V,-11.478,38
L38L,0.0,38
L38I,-11.068,38
L38M,-8.371,38
L38P,-14.388,38
L38Y,-14.219,38
L38F,-9.183,38
L38W,-15.459,38
M39K,-10.691,39
M39R,-11.288,39
M39H,-13.476,39
M39E,-15.396,39
M39D,-16.868,39
M39N,-12.29,39
M39Q,-9.706,39
M39T,-12.238,39
M39S,-12.581,39
M39C,-13.818,39
M39G,-14.791,39
M39A,-14.828,39
M39V,-12.402,39
M39L,-7.663,39
M39I,-11.547,39
M39M,0.0,39
M39P,-17.326,39
M39Y,-13.88,39
M39F,-12.027,39
M39W,-14.964,39
N40K,-11.55,40
N40R,-13.097,40
N40H,-10.37,40
N40E,-9.984,40
N40D,-11.401,40
N40N,0.0,40
N40Q,-10.227,40
N40T,-4.709,40
N40S,-7.846,40
N40C,-9.73,40
N40G,-11.459,40
N40A,-9.459,40
N40V,-5.829,40
N40L,-8.262,40
N40I,-7.033,40
N40M,-7.179,40
N40P,-15.55,40
N40Y,-11.7,40
N40F,-10.865,40
N40W,-14.981,40
W41K,-15.608,41
W41R,-12.647,41
W41H,-16.752,41
W41E,-18.292,41
W41D,-19.257,41
W41N,-17.771,41
W41Q,-15.667,41
W41T,-15.067,41
W41S,-14.974,41
W41C,-12.687,41
W41G,-16.014,41
W41A,-15.112,41
W41V,-9.583,41
W41L,-9.983,41
W41I,-11.683,41
W41M,-12.714,41
W41P,-15.578,41
W41Y,-11.66,41
W41F,-10.928,41
W41W,0.0,41
E42K,-13.703,42
E42R,-17.748,42
E42H,-15.206,42
E42E,0.0,42
E42D,-8.18,42
E42N,-12.952,42
E42Q,-10.407,42
E42T,-14.546,42
E42S,-14.42,42
E42C,-18.652,42
E42G,-14.83,42
E42A,-14.304,42
E42V,-13.176,42
E42L,-16.202,42
E42I,-16.146,42
E42M,-16.155,42
E42P,-19.742,42
E42Y,-17.073,42
E42F,-17.485,42
E42W,-21.031,42
C43K,-19.67,43
C43R,-18.379,43
C43H,-20.567,43
C43E,-19.91,43
C43D,-19.208,43
C43N,-14.629,43
C43Q,-20.82,43
C43T,-15.637,43
C43S,-12.935,43
C43C,0.0,43
C43G,-13.932,43
C43A,-10.609,43
C43V,-13.233,43
C43L,-18.791,43
C43I,-15.106,43
C43M,-19.574,43
C43P,-20.374,43
C43Y,-13.454,43
C43F,-16.727,43
C43W,-17.281,43
A44K,-16.989,44
A44R,-16.184,44
A44H,-15.114,44
A44E,-12.909,44
A44D,-10.398,44
A44N,-11.803,44
A44Q,-15.016,44
A44T,-6.047,44
A44S,-7.568,44
A44C,-10.787,44
A44G,-3.127,44
A44A,0.0,44
A44V,-11.415,44
A44L,-15.251,44
A44I,-12.164,44
A44M,-13.075,44
A44P,-15.749,44
A44Y,-14.523,44
A44F,-15.817,44
A44W,-15.704,44
I45K,-18.249,45
I45R,-18.534,45
I45H,-19.133,45
I45E,-17.305,45
I45D,-20.44,45
I45N,-19.007,45
I45Q,-17.506,45
I45T,-15.341,45
I45S,-18.483,45
I45C,-18.539,45
I45G,-19.817,45
I45A,-16.13,45
I45V,-10.727,45
I45L,-9.51,45
I45I,0.0,45
I45M,-12.729,45
I45P,-16.59,45
I45Y,-18.236,45
I45F,-14.461,45
I45W,-19.052,45
P46K,-15.071,46
P46R,-12.441,46
P46H,-12.459,46
P46E,-14.605,46
P46D,-16.139,46
P46N,-15.758,46
P46Q,-11.729,46
P46T,-11.375,46
P46S,-10.74,46
P46C,-14.957,46
P46G,-14.373,46
P46A,-8.166,46
P46V,-13.322,46
P46L,-10.826,46
P46I,-13.664,46
P46M,-13.425,46
P46P,0.0,46
P46Y,-14.665,46
P46F,-13.217,46
P46W,-16.66,46
G47K,-16.863,47
G47R,-13.144,47
G47H,-18.189,47
G47E,-14.316,47
G47D,-13.805,47
G47N,-17.037,47
G47Q,-16.268,47
G47T,-17.228,47
G47S,-13.878,47
G47C,-15.12,47
G47G,0.0,47
G47A,-13.487,47
G47V,-15.223,47
G47L,-17.243,47
G47I,-18.515,47
G47M,-18.566,47
G47P,-16.12,47
G47Y,-18.502,47
G47F,-18.628,47
G47W,-15.867,47
K48K,0.0,48
K48R,-10.67,48
K48H,-18.749,48
K48E,-17.411,48
K48D,-21.351,48
K48N,-14.685,48
K48Q,-14.86,48
K48T,-15.392,48
K48S,-16.872,48
K48C,-17.682,48
K48G,-18.813,48
K48A,-16.614,48
K48V,-16.706,48
K48L,-17.65,48
K48I,-16.763,48
K48M,-16.173,48
K48P,-19.335,48
K48Y,-20.719,48
K48F,-20.885,48
K48W,-21.29,48
K49K,0.0,49
K49R,-11.028,49
K49H,-14.719,49
K49E,-11.901,49
K49D,-16.064,49
K49N,-12.332,49
K49Q,-8.655,49
K49T,-12.106,49
K49S,-13.887,49
K49C,-16.05,49
K49G,-16.909,49
K49A,-11.878,49
K49V,-12.937,49
K49L,-13.171,49
K49I,-12.505,49
K49M,-13.884,49
K49P,-12.921,49
K49Y,-16.844,49
K49F,-16.665,49
K49W,-19.64,49
G50K,-12.02,50
G50R,-12.652,50
G50H,-11.113,50
G50E,-9.332,50
G50D,-8.746,50
G50N,-9.469,50
G50Q,-9.135,50
G50T,-10.911,50
G50S,-8.25,50
G50C,-10.208,50
G50G,0.0,50
G50A,-6.628,50
G50V,-7.844,50
G50L,-12.564,50
G50I,-12.559,50
G50M,-10.922,50
G50P,-18.168,50
G50Y,-13.554,50
G50F,-14.619,50
G50W,-15.8,50
T51K,-14.765,51
T51R,-16.208,51
T51H,-17.739,51
T51E,-16.212,51
T51D,-16.373,51
T51N,-13.598,51
T51Q,-15.843,51
T51T,0.0,51
T51S,-8.025,51
T51C,-14.972,51
T51G,-14.706,51
T51A,-13.038,51
T51V,-15.074,51
T51L,-14.447,51
T51I,-13.135,51
T51M,-12.949,51
T51P,-16.428,51
T51Y,-16.474,51
T51F,-15.767,51
T51W,-19.68,51
P52K,-14.672,52
P52R,-15.558,52
P52H,-12.491,52
P52E,-8.87,52
P52D,-8.367,52
P52N,-11.687,52
P52Q,-11.202,52
P52T,-10.488,52
P52S,-11.068,52
P52C,-10.195,52
P52G,-14.558,52
P52A,-9.199,52
P52V,-6.553,52
P52L,-6.921,52
P52I,-7.615,52
P52M,-10.732,52
P52P,0.0,52
P52Y,-12.531,52
P52F,-12.012,52
P52W,-15.627,52
W53K,-18.727,53
W53R,-13.297,53
W53H,-17.439,53
W53E,-19.348,53
W53D,-19.892,53
W53N,-19.037,53
W53Q,-17.995,53
W53T,-18.84,53
W53S,-16.334,53
W53C,-13.746,53
W53G,-16.182,53
W53A,-20.055,53
W53V,-17.893,53
W53L,-15.025,53
W53I,-17.207,53
W53M,-17.876,53
W53P,-18.183,53
W53Y,-12.759,53
W53F,-12.997,53
W53W,0.0,53
E54K,-15.238,54
E54R,-20.267,54
E54H,-12.878,54
E54E,0.0,54
E54D,-7.162,54
E54N,-14.218,54
E54Q,-10.793,54
E54T,-15.744,54
E54S,-14.815,54
E54C,-18.189,54
E54G,-14.831,54
E54A,-9.91,54
E54V,-15.389,54
E54L,-18.495,54
E54I,-19.345,54
E54M,-17.85,54
E54P,-19.574,54
E54Y,-15.498,54
E54F,-17.916,54
E54W,-21.356,54
G55K,-9.517,55
G55R,-10.676,55
G55H,-11.169,55
G55E,-6.488,55
G55D,-5.158,55
G55N,-6.437,55
G55Q,-10.466,55
G55T,-11.192,55
G55S,-8.082,55
G55C,-11.622,55
G55G,0.0,55
G55A,-9.152,55
G55V,-10.811,55
G55L,-15.251,55
G55I,-14.492,55
G55M,-14.483,55
G55P,-17.028,55
G55Y,-13.91,55
G55F,-15.312,55
G55W,-13.9,55
G56K,-16.507,56
G56R,-14.552,56
G56H,-17.708,56
G56E,-13.216,56
G56D,-12.83,56
G56N,-14.751,56
G56Q,-16.532,56
G56T,-16.833,56
G56S,-12.607,56
G56C,-14.287,56
G56G,0.0,56
G56A,-10.775,56
G56V,-15.114,56
G56L,-17.694,56
G56I,-17.979,56
G56M,-17.634,56
G56P,-20.603,56
G56Y,-18.233,56
G56F,-18.096,56
G56W,-15.893,56
L57K,-13.519,57
L57R,-12.006,57
L57H,-11.592,57
L57E,-14.772,57
L57D,-17.645,57
L57N,-12.947,57
L57Q,-10.494,57
L57T,-11.704,57
L57S,-12.37,57
L57C,-11.838,57
L57G,-18.15,57
L57A,-13.736,57
L57V,-8.933,57
L57L,0.0,57
L57I,-11.261,57
L57M,-7.09,57
L57P,-15.502,57
L57Y,-10.529,57
L57F,-9.943,57
L57W,-15.576,57
F58K,-15.848,58
F58R,-13.78,58
F58H,-9.886,58
F58E,-14.137,58
F58D,-13.247,58
F58N,-13.996,58
F58Q,-13.885,58
F58T,-15.576,58
F58S,-12.25,58
F58C,-10.633,58
F58G,-16.74,58
F58A,-15.632,58
F58V,-13.235,58
F58L,-11.743,58
F58I,-12.967,58
F58M,-14.542,58
F58P,-14.166,58
F58Y,-0.607,58
F58F,0.0,58
F58W,-9.458,58
K59K,0.0,59
K59R,-10.196,59
K59H,-15.624,59
K59E,-14.017,59
K59D,-19.882,59
K59N,-13.86,59
K59Q,-12.01,59
K59T,-14.679,59
K59S,-15.986,59
K59C,-18.408,59
K59G,-18.481,59
K59A,-15.117,59
K59V,-17.44,59
K59L,-14.317,59
K59I,-16.694,59
K59M,-17.761,59
K59P,-10.949,59
K59Y,-19.436,59
K59F,-17.196,59
K59W,-19.458,59
L60K,-18.076,60
L60R,-16.732,60
L60H,-18.982,60
L60E,-19.135,60
L60D,-20.709,60
L60N,-21.178,60
L60Q,-16.34,60
L60T,-18.9,60
L60S,-18.413,60
L60C,-17.746,60
L60G,-21.23,60
L60A,-18.453,60
L60V,-12.703,60
L60L,0.0,60
L60I,-13.153,60
L60M,-12.151,60
L60P,-16.206,60
L60Y,-18.907,60
L60F,-13.322,60
L60W,-17.571,60
R61K,-8.114,61
R61R,0.0,61
R61H,-12.338,61
R61E,-15.093,61
R61D,-16.132,61
R61N,-12.044,61
R61Q,-11.552,61
R61T,-6.85,61
R61S,-10.816,61
R61C,-14.305,61
R61G,-15.13,61
R61A,-13.594,61
R61V,-14.27,61
R61L,-12.937,61
R61I,-12.764,61
R61M,-13.415,61
R61P,-16.314,61
R61Y,-16.695,61
R61F,-16.185,61
R61W,-14.613,61
M62K,-18.565,62
M62R,-15.089,62
M62H,-19.458,62
M62E,-19.177,62
M62D,-20.662,62
M62N,-20.849,62
M62Q,-17.515,62
M62T,-16.196,62
M62S,-18.294,62
M62C,-17.733,62
M62G,-21.601,62
M62A,-18.159,62
M62V,-14.097,62
M62L,-8.006,62
M62I,-11.14,62
M62M,0.0,62
M62P,-16.528,62
M62Y,-17.798,62
M62F,-9.73,62
M62W,-18.78,62
L63K,-13.94,63
L63R,-14.57,63
L63H,-11.018,63
L63E,-12.642,63
L63D,-13.704,63
L63N,-11.878,63
L63Q,-8.182,63
L63T,-10.861,63
L63S,-10.654,63
L63C,-13.189,63
L63G,-15.661,63
L63A,-13.296,63
L63V,-9.713,63
L63L,0.0,63
L63I,-8.724,63
L63M,-7.083,63
L63P,-15.948,63
L63Y,-10.049,63
L63F,-5.957,63
L63W,-13.806,63
F64K,-24.542,64
F64R,-22.606,64
F64H,-18.596,64
F64E,-21.59,64
F64D,-23.165,64
F64N,-20.994,64
F64Q,-17.851,64
F64T,-19.645,64
F64S,-18.746,64
F64C,-15.907,64
F64G,-21.822,64
F64A,-20.186,64
F64V,-16.551,64
F64L,-10.335,64
F64I,-16.377,64
F64M,-16.047,64
F64P,-18.076,64
F64Y,-13.818,64
F64F,0.0,64
F64W,-16.733,64
K65K,0.0,65
K65R,-9.775,65
K65H,-15.903,65
K65E,-17.114,65
K65D,-18.915,65
K65N,-13.094,65
K65Q,-14.328,65
K65T,-12.422,65
K65S,-13.996,65
K65C,-17.193,65
K65G,-14.969,65
K65A,-16.171,65
K65V,-17.569,65
K65L,-16.043,65
K65I,-17.575,65
K65M,-15.367,65
K65P,-15.127,65
K65Y,-18.634,65
K65F,-19.291,65
K65W,-18.198,65
D66K,-16.456,66
D66R,-19.551,66
D66H,-13.531,66
D66E,-2.175,66
D66D,0.0,66
D66N,-9.723,66
D66Q,-12.554,66
D66T,-13.274,66
D66S,-12.606,66
D66C,-16.57,66
D66G,-11.663,66
D66A,-12.839,66
D66V,-14.876,66
D66L,-17.06,66
D66I,-17.444,66
D66M,-17.619,66
D66P,-12.572,66
D66Y,-16.016,66
D66F,-18.64,66
D66W,-19.66,66
D67K,-17.855,67
D67R,-20.461,67
D67H,-16.512,67
D67E,-6.891,67
D67D,0.0,67
D67N,-11.898,67
D67Q,-15.233,67
D67T,-16.306,67
D67S,-14.243,67
D67C,-17.75,67
D67G,-13.918,67
D67A,-13.766,67
D67V,-15.772,67
D67L,-19.088,67
D67I,-19.276,67
D67M,-19.172,67
D67P,-21.444,67
D67Y,-16.815,67
D67F,-19.696,67
D67W,-21.85,67
Y68K,-19.238,68
Y68R,-16.272,68
Y68H,-11.853,68
Y68E,-19.372,68
Y68D,-14.373,68
Y68N,-13.16,68
Y68Q,-17.55,68
Y68T,-17.816,68
Y68S,-13.617,68
Y68C,-12.228,68
Y68G,-18.453,68
Y68A,-19.353,68
Y68V,-17.776,68
Y68L,-14.139,68
Y68I,-14.432,68
Y68M,-18.698,68
Y68P,-16.773,68
Y68Y,0.0,68
Y68F,-3.618,68
Y68W,-16.447,68
P69K,-15.344,69
P69R,-14.68,69
P69H,-14.855,69
P69E,-18.647,69
P69D,-18.288,69
P69N,-13.916,69
P69Q,-14.174,69
P69T,-13.484,69
P69S,-12.692,69
P69C,-16.753,69
P69G,-17.272,69
P69A,-15.112,69
P69V,-17.479,69
P69L,-11.465,69
P69I,-16.663,69
P69M,-18.354,69
P69P,0.0,69
P69Y,-18.526,69
P69F,-17.595,69
P69W,-20.092,69
S70K,-16.801,70
S70R,-17.974,70
S70H,-17.006,70
S70E,-19.193,70
S70D,-18.179,70
S70N,-8.44,70
S70Q,-17.135,70
S70T,-10.107,70
S70S,0.0,70
S70C,-13.39,70
S70G,-13.424,70
S70A,-9.451,70
S70V,-15.336,70
S70L,-14.403,70
S70I,-16.761,70
S70M,-16.667,70
S70P,-15.897,70
S70Y,-16.198,70
S70F,-15.246,70
S70W,-19.584,70
S71K,-3.782,71
S71R,-8.249,71
S71H,-12.966,71
S71E,-12.387,71
S71D,-12.971,71
S71N,-6.997,71
S71Q,-10.953,71
S71T,-8.597,71
S71S,0.0,71
S71C,-9.52,71
S71G,-11.01,71
S71A,-4.888,71
S71V,-10.615,71
S71L,-11.326,71
S71I,-13.104,71
S71M,-11.525,71
S71P,-15.269,71
S71Y,-13.712,71
S71F,-13.31,71
S71W,-16.746,71
P72K,-19.2,72
P72R,-16.998,72
P72H,-16.044,72
P72E,-19.417,72
P72D,-21.054,72
P72N,-19.845,72
P72Q,-15.27,72
P72T,-14.856,72
P72S,-13.3,72
P72C,-17.413,72
P72G,-19.065,72
P72A,-11.008,72
P72V,-18.236,72
P72L,-14.122,72
P72I,-19.65,72
P72M,-19.133,72
P72P,0.0,72
P72Y,-17.094,72
P72F,-18.366,72
P72W,-20.172,72
P73K,-17.546,73
P73R,-14.865,73
P73H,-13.843,73
P73E,-17.231,73
P73D,-17.642,73
P73N,-18.066,73
P73Q,-12.964,73
P73T,-14.662,73
P73S,-13.08,73
P73C,-16.452,73
P73G,-16.784,73
P73A,-12.424,73
P73V,-15.801,73
P73L,-12.394,73
P73I,-17.441,73
P73M,-16.318,73
P73P,0.0,73
P73Y,-16.583,73
P73F,-16.52,73
P73W,-19.044,73
K74K,0.0,74
K74R,-10.854,74
K74H,-17.597,74
K74E,-14.173,74
K74D,-18.788,74
K74N,-11.628,74
K74Q,-12.871,74
K74T,-11.135,74
K74S,-15.164,74
K74C,-17.555,74
K74G,-18.139,74
K74A,-15.303,74
K74V,-15.558,74
K74L,-15.232,74
K74I,-13.244,74
K74M,-12.619,74
K74P,-18.515,74
K74Y,-20.175,74
K74F,-19.956,74
K74W,-21.371,74
C75K,-18.992,75
C75R,-14.242,75
C75H,-16.299,75
C75E,-15.623,75
C75D,-15.486,75
C75N,-15.103,75
C75Q,-16.506,75
C75T,-14.615,75
C75S,-11.83,75
C75C,0.0,75
C75G,-11.171,75
C75A,-11.898,75
C75V,-10.131,75
C75L,-13.783,75
C75I,-13.91,75
C75M,-14.79,75
C75P,-17.912,75
C75Y,-10.862,75
C75F,-12.15,75
C75W,-14.06,75
K76K,0.0,76
K76R,-12.155,76
K76H,-17.352,76
K76E,-18.213,76
K76D,-21.26,76
K76N,-14.889,76
K76Q,-16.742,76
K76T,-16.125,76
K76S,-17.072,76
K76C,-18.119,76
K76G,-20.172,76
K76A,-16.85,76
K76V,-18.715,76
K76L,-18.876,76
K76I,-16.654,76
K76M,-16.625,76
K76P,-23.551,76
K76Y,-16.392,76
K76F,-15.181,76
K76W,-20.858,76
F77K,-21.988,77
F77R,-20.278,77
F77H,-20.313,77
F77E,-20.051,77
F77D,-18.712,77
F77N,-18.871,77
F77Q,-21.127,77
F77T,-19.214,77
F77S,-16.356,77
F77C,-15.212,77
F77G,-19.688,77
F77A,-17.678,77
F77V,-14.171,77
F77L,-12.897,77
F77I,-14.355,77
F77M,-15.91,77
F77P,-19.443,77
F77Y,-12.863,77
F77F,0.0,77
F77W,-13.086,77
E78K,-14.469,78
E78R,-17.112,78
E78H,-15.816,78
E78E,0.0,78
E78D,-9.841,78
E78N,-15.149,78
E78Q,-11.479,78
E78T,-12.428,78
E78S,-13.806,78
E78C,-15.777,78
E78G,-15.588,78
E78A,-13.172,78
E78V,-9.306,78
E78L,-12.779,78
E78I,-10.885,78
E78M,-12.931,78
E78P,-16.276,78
E78Y,-15.381,78
E78F,-15.471,78
E78W,-19.042,78
P79K,-16.777,79
P79R,-13.111,79
P79H,-14.765,79
P79E,-18.145,79
P79D,-19.71,79
P79N,-15.455,79
P79Q,-12.774,79
P79T,-12.501,79
P79S,-11.407,79
P79C,-14.561,79
P79G,-14.737,79
P79A,-11.155,79
P79V,-15.748,79
P79L,-12.91,79
P79I,-15.638,79
P79M,-15.336,79
P79P,0.0,79
P79Y,-16.335,79
P79F,-16.972,79
P79W,-17.936,79
P80K,-13.874,80
P80R,-13.837,80
P80H,-13.862,80
P80E,-13.374,80
P80D,-16.107,80
P80N,-14.153,80
P80Q,-11.371,80
P80T,-11.01,80
P80S,-11.351,80
P80C,-14.468,80
P80G,-13.726,80
P80A,-9.942,80
P80V,-11.241,80
P80L,-5.417,80
P80I,-10.153,80
P80M,-4.209,80
P80P,0.0,80
P80Y,-14.652,80
P80F,-11.786,80
P80W,-16.407,80
L81K,-19.635,81
L81R,-17.073,81
L81H,-15.805,81
L81E,-19.561,81
L81D,-19.684,81
L81N,-19.196,81
L81Q,-15.405,81
L81T,-16.263,81
L81S,-15.494,81
L81C,-14.18,81
L81G,-20.471,81
L81A,-16.73,81
L81V,-11.294,81
L81L,0.0,81
L81I,-10.838,81
L81M,-10.257,81
L81P,-12.687,81
L81Y,-15.85,81
L81F,-6.618,81
L81W,-15.895,81
F82K,-20.039,82
F82R,-16.719,82
F82H,-15.958,82
F82E,-19.904,82
F82D,-19.241,82
F82N,-15.557,82
F82Q,-16.862,82
F82T,-16.644,82
F82S,-11.571,82
F82C,-14.387,82
F82G,-19.061,82
F82A,-18.19,82
F82V,-15.411,82
F82L,-11.318,82
F82I,-15.783,82
F82M,-15.865,82
F82P,-15.958,82
F82Y,-9.819,82
F82F,0.0,82
F82W,-15.505,82
H83K,-15.957,83
H83R,-11.944,83
H83H,0.0,83
H83E,-15.963,83
H83D,-14.478,83
H83N,-11.325,83
H83Q,-13.267,83
H83T,-17.975,83
H83S,-14.704,83
H83C,-15.201,83
H83G,-16.621,83
H83A,-18.21,83
H83V,-18.291,83
H83L,-14.591,83
H83I,-18.31,83
H83M,-18.279,83
H83P,-14.385,83
H83Y,-10.765,83
H83F,-16.245,83
H83W,-15.404,83
P84K,-15.977,84
P84R,-15.945,84
P84H,-15.174,84
P84E,-20.29,84
P84D,-21.544,84
P84N,-16.624,84
P84Q,-15.363,84
P84T,-12.438,84
P84S,-14.544,84
P84C,-15.251,84
P84G,-18.95,84
P84A,-14.262,84
P84V,-15.929,84
P84L,-10.975,84
P84I,-13.126,84
P84M,-13.702,84
P84P,0.0,84
P84Y,-18.179,84
P84F,-18.078,84
P84W,-21.468,84
N85K,-17.186,85
N85R,-18.381,85
N85H,-16.295,85
N85E,-21.391,85
N85D,-18.755,85
N85N,0.0,85
N85Q,-19.288,85
N85T,-17.044,85
N85S,-14.758,85
N85C,-18.855,85
N85G,-17.631,85
N85A,-18.583,85
N85V,-19.833,85
N85L,-20.277,85
N85I,-19.547,85
N85M,-19.576,85
N85P,-20.95,85
N85Y,-15.882,85
N85F,-20.848,85
N85W,-20.68,85
V86K,-17.226,86
V86R,-17.065,86
V86H,-19.45,86
V86E,-16.696,86
V86D,-17.339,86
V86N,-16.538,86
V86Q,-18.118,86
V86T,-15.815,86
V86S,-16.185,86
V86C,-14.715,86
V86G,-16.792,86
V86A,-12.318,86
V86V,0.0,86
V86L,-13.002,86
V86I,-7.61,86
V86M,-12.386,86
V86P,-19.096,86
V86Y,-18.918,86
V86F,-15.985,86
V86W,-18.477,86
Y87K,-19.626,87
Y87R,-16.046,87
Y87H,-11.615,87
Y87E,-17.585,87
Y87D,-13.677,87
Y87N,-13.019,87
Y87Q,-17.145,87
Y87T,-18.673,87
Y87S,-14.682,87
Y87C,-11.648,87
Y87G,-17.934,87
Y87A,-18.606,87
Y87V,-18.847,87
Y87L,-16.799,87
Y87I,-18.926,87
Y87M,-20.293,87
Y87P,-19.585,87
Y87Y,0.0,87
Y87F,-10.891,87
Y87W,-16.038,87
P88K,-15.364,88
P88R,-15.474,88
P88H,-18.651,88
P88E,-18.729,88
P88D,-19.97,88
P88N,-14.535,88
P88Q,-14.7,88
P88T,-11.059,88
P88S,-11.24,88
P88C,-17.187,88
P88G,-15.919,88
P88A,-10.272,88
P88V,-16.179,88
P88L,-15.658,88
P88I,-16.56,88
P88M,-16.201,88
P88P,0.0,88
P88Y,-20.573,88
P88F,-19.207,88
P88W,-21.839,88
S89K,-17.321,89
S89R,-17.69,89
S89H,-17.097,89
S89E,-18.576,89
S89D,-18.051,89
S89N,-9.917,89
S89Q,-18.156,89
S89T,-13.345,89
S89S,0.0,89
S89C,-12.92,89
S89G,-13.147,89
S89A,-11.495,89
S89V,-16.706,89
S89L,-13.848,89
S89I,-17.221,89
S89M,-18.605,89
S89P,-15.948,89
S89Y,-15.473,89
S89F,-14.983,89
S89W,-17.368,89
G90K,-18.414,90
G90R,-14.688,90
G90H,-19.68,90
G90E,-15.796,90
G90D,-14.469,90
G90N,-16.485,90
G90Q,-19.777,90
G90T,-17.284,90
G90S,-13.275,90
G90C,-16.294,90
G90G,0.0,90
G90A,-14.553,90
G90V,-17.812,90
G90L,-20.013,90
G90I,-21.05,90
G90M,-19.69,90
G90P,-22.849,90
G90Y,-19.922,90
G90F,-19.042,90
G90W,-16.908,90
T91K,-14.814,91
T91R,-17.616,91
T91H,-18.714,91
T91E,-18.508,91
T91D,-19.28,91
T91N,-14.748,91
T91Q,-17.812,91
T91T,0.0,91
T91S,-13.982,91
T91C,-18.843,91
T91G,-18.292,91
T91A,-14.43,91
T91V,-12.897,91
T91L,-15.394,91
T91I,-11.16,91
T91M,-13.26,91
T91P,-18.529,91
T91Y,-18.736,91
T91F,-18.266,91
T91W,-21.057,91
V92K,-19.397,92
V92R,-18.386,92
V92H,-19.88,92
V92E,-16.258,92
V92D,-16.711,92
V92N,-18.228,92
V92Q,-18.969,92
V92T,-15.749,92
V92S,-16.882,92
V92C,-16.151,92
V92G,-17.89,92
V92A,-14.499,92
V92V,0.0,92
V92L,-11.426,92
V92I,-9.06,92
V92M,-13.583,92
V92P,-18.695,92
V92Y,-20.052,92
V92F,-16.252,92
V92W,-20.19,92
C93K,-20.674,93
C93R,-14.336,93
C93H,-19.255,93
C93E,-19.876,93
C93D,-19.029,93
C93N,-18.732,93
C93Q,-20.184,93
C93T,-16.909,93
C93S,-15.998,93
C93C,0.0,93
C93G,-15.941,93
C93A,-17.429,93
C93V,-20.463,93
C93L,-18.143,93
C93I,-20.296,93
C93M,-21.256,93
C93P,-20.55,93
C93Y,-15.847,93
C93F,-17.665,93
C93W,-16.831,93
L94K,-20.484,94
L94R,-17.425,94
L94H,-16.495,94
L94E,-19.978,94
L94D,-20.467,94
L94N,-19.19,94
L94Q,-17.243,94
L94T,-18.414,94
L94S,-17.363,94
L94C,-18.242,94
L94G,-20.948,94
L94A,-18.979,94
L94V,-14.532,94
L94L,0.0,94
L94I,-11.515,94
L94M,-13.11,94
L94P,-15.748,94
L94Y,-19.026,94
L94F,-16.082,94
L94W,-20.97,94
S95K,-18.925,95
S95R,-19.154,95
S95H,-19.39,95
S95E,-18.516,95
S95D,-15.048,95
S95N,-14.063,95
S95Q,-17.94,95
S95T,-12.575,95
S95S,0.0,95
S95C,-16.5,95
S95G,-14.714,95
S95A,-10.273,95
S95V,-20.533,95
S95L,-17.252,95
S95I,-18.976,95
S95M,-19.7,95
S95P,-16.096,95
S95Y,-17.879,95
S95F,-17.882,95
S95W,-20.941,95
I96K,-17.692,96
I96R,-17.593,96
I96H,-16.974,96
I96E,-19.638,96
I96D,-18.096,96
I96N,-15.886,96
I96Q,-16.415,96
I96T,-12.416,96
I96S,-15.876,96
I96C,-17.395,96
I96G,-18.775,96
I96A,-16.794,96
I96V,-10.007,96
I96L,-8.005,96
I96I,0.0,96
I96M,-9.977,96
I96P,-17.848,96
I96Y,-17.23,96
I96F,-12.993,96
I96W,-18.713,96
L97K,-15.836,97
L97R,-15.333,97
L97H,-16.22,97
L97E,-17.178,97
L97D,-18.32,97
L97N,-17.048,97
L97Q,-13.824,97
L97T,-16.573,97
L97S,-16.278,97
L97C,-16.993,97
L97G,-19.329,97
L97A,-17.228,97
L97V,-12.914,97
L97L,0.0,97
L97I,-12.156,97
L97M,-11.414,97
L97P,-15.325,97
L97Y,-18.101,97
L97F,-13.025,97
L97W,-17.402,97
E98K,-13.16,98
E98R,-18.063,98
E98H,-14.93,98
E98E,0.0,98
E98D,-6.004,98
E98N,-7.591,98
E98Q,-12.977,98
E98T,-13.445,98
E98S,-12.438,98
E98C,-15.417,98
E98G,-10.195,98
E98A,-10.908,98
E98V,-14.274,98
E98L,-16.666,98
E98I,-16.537,98
E98M,-16.985,98
E98P,-20.831,98
E98Y,-15.507,98
E98F,-17.392,98
E98W,-18.088,98
E99K,-12.818,99
E99R,-18.262,99
E99H,-14.645,99
E99E,0.0,99
E99D,-8.926,99
E99N,-14.95,99
E99Q,-11.224,99
E99T,-16.185,99
E99S,-15.391,99
E99C,-19.062,99
E99G,-15.633,99
E99A,-12.435,99
E99V,-14.959,99
E99L,-17.536,99
E99I,-18.846,99
E99M,-18.551,99
E99P,-15.443,99
E99Y,-16.843,99
E99F,-18.331,99
E99W,-20.763,99
D100K,-13.21,100
D100R,-16.526,100
D100H,-11.911,100
D100E,-4.772,100
D100D,0.0,100
D100N,-10.305,100
D100Q,-12.437,100
D100T,-14.295,100
D100S,-10.96,100
D100C,-15.852,100
D100G,-10.061,100
D100A,-10.772,100
D100V,-14.523,100
D100L,-16.077,100
D100I,-17.412,100
D100M,-17.539,100
D100P,-14.824,100
D100Y,-13.612,100
D100F,-16.426,100
D100W,-18.288,100
K101K,0.0,101
K101R,-10.25,101
K101H,-14.262,101
K101E,-13.728,101
K101D,-17.097,101
K101N,-12.555,101
K101Q,-10.748,101
K101T,-12.033,101
K101S,-11.922,101
K101C,-15.41,101
K101G,-12.901,101
K101A,-13.441,101
K101V,-15.426,101
K101L,-16.192,101
K101I,-16.392,101
K101M,-14.637,101
K101P,-18.596,101
K101Y,-17.01,101
K101F,-18.704,101
K101W,-18.512,101
D102K,-15.142,102
D102R,-15.882,102
D102H,-9.109,102
D102E,-6.082,102
D102D,0.0,102
D102N,-10.077,102
D102Q,-11.728,102
D102T,-14.032,102
D102S,-12.133,102
D102C,-14.345,102
D102G,-8.186,102
D102A,-10.153,102
D102V,-13.912,102
D102L,-13.791,102
D102I,-16.434,102
D102M,-15.512,102
D102P,-14.177,102
D102Y,-10.835,102
D102F,-11.53,102
D102W,-14.843,102
W103K,-18.086,103
W103R,-11.99,103
W103H,-17.652,103
W103E,-18.762,103
W103D,-18.916,103
W103N,-18.46,103
W103Q,-17.754,103
W103T,-18.524,103
W103S,-15.559,103
W103C,-13.446,103
W103G,-13.541,103
W103A,-19.352,103
W103V,-19.726,103
W103L,-15.711,103
W103I,-20.477,103
W103M,-19.223,103
W103P,-15.339,103
W103Y,-16.308,103
W103F,-14.899,103
W103W,0.0,103
R104K,-3.395,104
R104R,0.0,104
R104H,-12.295,104
R104E,-18.28,104
R104D,-19.529,104
R104N,-11.052,104
R104Q,-10.558,104
R104T,-12.528,104
R104S,-10.141,104
R104C,-11.999,104
R104G,-15.023,104
R104A,-15.018,104
R104V,-15.29,104
R104L,-8.278,104
R104I,-14.592,104
R104M,-12.206,104
R104P,-14.756,104
R104Y,-15.706,104
R104F,-15.977,104
R104W,-16.637,104
P105K,-16.906,105
P105R,-13.601,105
P105H,-14.552,105
P105E,-18.446,105
P105D,-18.807,105
P105N,-17.298,105
P105Q,-13.72,105
P105T,-12.446,105
P105S,-9.811,105
P105C,-15.891,105
P105G,-11.553,105
P105A,-7.227,105
P105V,-15.201,105
P105L,-12.371,105
P105I,-16.54,105
P105M,-17.687,105
P105P,0.0,105
P105Y,-17.366,105
P105F,-14.823,105
P105W,-18.223,105
A106K,-14.933,106
A106R,-15.059,106
A106H,-16.35,106
A106E,-17.757,106
A106D,-17.727,106
A106N,-12.462,106
A106Q,-14.183,106
A106T,-8.952,106
A106S,-6.552,106
A106C,-12.41,106
A106G,-11.698,106
A106A,0.0,106
A106V,-11.198,106
A106L,-15.217,106
A106I,-13.784,106
A106M,-13.709,106
A106P,-13.046,106
A106Y,-15.834,106
A106F,-14.335,106
A106W,-18.029,106
I107K,-15.558,107
I107R,-14.293,107
I107H,-15.34,107
I107E,-17.258,107
I107D,-19.162,107
I107N,-15.263,107
I107Q,-13.765,107
I107T,-11.836,107
I107S,-15.665,107
I107C,-15.553,107
I107G,-17.489,107
I107A,-16.345,107
I107V,-7.922,107
I107L,-8.62,107
I107I,0.0,107
I107M,-8.594,107
I107P,-15.92,107
I107Y,-14.828,107
I107F,-14.319,107
I107W,-17.425,107
T108K,-13.16,108
T108R,-12.899,108
T108H,-13.658,108
T108E,-16.184,108
T108D,-12.947,108
T108N,-4.624,108
T108Q,-13.445,108
T108T,0.0,108
T108S,-7.677,108
T108C,-12.192,108
T108G,-6.669,108
T108A,-11.156,108
T108V,-12.226,108
T108L,-12.435,108
T108I,-13.347,108
T108M,-10.401,108
T108P,-14.486,108
T108Y,-14.433,108
T108F,-11.931,108
T108W,-13.667,108
I109K,-16.884,109
I109R,-17.273,109
I109H,-19.37,109
I109E,-17.464,109
I109D,-15.516,109
I109N,-17.059,109
I109Q,-19.691,109
I109T,-14.792,109
I109S,-16.334,109
I109C,-14.32,109
I109G,-16.629,109
I109A,-17.165,109
I109V,-7.871,109
I109L,-14.549,109
I109I,0.0,109
I109M,-13.634,109
I109P,-19.564,109
I109Y,-18.544,109
I109F,-17.193,109
I109W,-20.429,109
K110K,0.0,110
K110R,-12.0,110
K110H,-20.245,110
K110E,-16.993,110
K110D,-19.377,110
K110N,-14.451,110
K110Q,-16.686,110
K110T,-16.277,110
K110S,-12.973,110
K110C,-18.499,110
K110G,-16.638,110
K110A,-17.117,110
K110V,-20.348,110
K110L,-19.334,110
K110I,-20.526,110
K110M,-18.861,110
K110P,-20.418,110
K110Y,-20.98,110
K110F,-20.038,110
K110W,-20.527,110
Q111K,-12.952,111
Q111R,-14.997,111
Q111H,-8.502,111
Q111E,-17.456,111
Q111D,-17.374,111
Q111N,-14.746,111
Q111Q,0.0,111
Q111T,-10.752,111
Q111S,-10.07,111
Q111C,-18.27,111
Q111G,-16.18,111
Q111A,-12.647,111
Q111V,-18.003,111
Q111L,-15.253,111
Q111I,-18.607,111
Q111M,-15.853,111
Q111P,-13.864,111
Q111Y,-15.852,111
Q111F,-17.239,111
Q111W,-19.222,111
I112K,-16.627,112
I112R,-17.785,112
I112H,-18.062,112
I112E,-17.357,112
I112D,-15.374,112
I112N,-16.509,112
I112Q,-17.249,112
I112T,-11.636,112
I112S,-15.817,112
I112C,-16.719,112
I112G,-16.354,112
I112A,-14.857,112
I112V,-6.297,112
I112L,-9.349,112
I112I,0.0,112
I112M,-11.807,112
I112P,-17.59,112
I112Y,-19.102,112
I112F,-15.663,112
I112W,-22.091,112
L113K,-19.028,113
L113R,-17.048,113
L113H,-18.102,113
L113E,-18.737,113
L113D,-19.571,113
L113N,-19.924,113
L113Q,-17.247,113
L113T,-17.503,113
L113S,-17.128,113
L113C,-18.155,113
L113G,-16.874,113
L113A,-17.6,113
L113V,-14.418,113
L113L,0.0,113
L113I,-12.566,113
L113M,-12.139,113
L113P,-15.881,113
L113Y,-20.959,113
L113F,-13.828,113
L113W,-18.569,113
L114K,-17.989,114
L114R,-16.289,114
L114H,-17.263,114
L114E,-14.472,114
L114D,-17.633,114
L114N,-17.554,114
L114Q,-13.116,114
L114T,-13.211,114
L114S,-15.598,114
L114C,-16.369,114
L114G,-17.048,114
L114A,-16.186,114
L114V,-11.974,114
L114L,0.0,114
L114I,-11.24,114
L114M,-11.59,114
L114P,-15.964,114
L114Y,-19.444,114
L114F,-13.95,114
L114W,-17.554,114
G115K,-17.139,115
G115R,-14.121,115
G115H,-18.44,115
G115E,-15.069,115
G115D,-13.33,115
G115N,-14.615,115
G115Q,-17.386,115
G115T,-16.517,115
G115S,-9.759,115
G115C,-13.808,115
G115G,0.0,115
G115A,-13.121,115
G115V,-17.414,115
G115L,-19.005,115
G115I,-21.003,115
G115M,-20.048,115
G115P,-19.572,115
G115Y,-19.272,115
G115F,-18.895,115
G115W,-16.1,115
I116K,-18.22,116
I116R,-17.972,116
I116H,-20.156,116
I116E,-17.967,116
I116D,-15.827,116
I116N,-17.511,116
I116Q,-19.464,116
I116T,-12.685,116
I116S,-14.462,116
I116C,-15.62,116
I116G,-15.997,116
I116A,-11.898,116
I116V,-5.056,116
I116L,-12.246,116
I116I,0.0,116
I116M,-13.158,116
I116P,-15.651,116
I116Y,-19.997,116
I116F,-16.645,116
I116W,-21.359,116
Q117K,-17.868,117
Q117R,-14.792,117
Q117H,-14.206,117
Q117E,-13.731,117
Q117D,-16.19,117
Q117N,-18.138,117
Q117Q,0.0,117
Q117T,-18.496,117
Q117S,-17.351,117
Q117C,-17.446,117
Q117G,-17.724,117
Q117A,-18.752,117
Q117V,-18.938,117
Q117L,-16.165,117
Q117I,-15.372,117
Q117M,-18.432,117
Q117P,-19.289,117
Q117Y,-17.303,117
Q117F,-19.741,117
Q117W,-18.459,117
E118K,-14.099,118
E118R,-16.844,118
E118H,-13.141,118
E118E,0.0,118
E118D,-2.156,118
E118N,-11.583,118
E118Q,-10.577,118
E118T,-14.147,118
E118S,-11.63,118
E118C,-14.193,118
E118G,-10.075,118
E118A,-10.59,118
E118V,-12.846,118
E118L,-16.024,118
E118I,-17.268,118
E118M,-16.755,118
E118P,-16.949,118
E118Y,-14.56,118
E118F,-15.491,118
E118W,-17.946,118
L119K,-15.62,119
L119R,-13.16,119
L119H,-13.737,119
L119E,-17.142,119
L119D,-18.951,119
L119N,-17.178,119
L119Q,-12.099,119
L119T,-14.923,119
L119S,-13.16,119
L119C,-13.844,119
L119G,-17.941,119
L119A,-16.16,119
L119V,-13.625,119
L119L,0.0,119
L119I,-12.937,119
L119M,-9.005,119
L119P,-14.528,119
L119Y,-13.37,119
L119F,-9.898,119
L119W,-14.838,119
L120K,-17.688,120
L120R,-15.241,120
L120H,-16.366,120
L120E,-19.378,120
L120D,-18.881,120
L120N,-19.117,120
L120Q,-15.303,120
L120T,-17.47,120
L120S,-15.637,120
L120C,-15.096,120
L120G,-18.253,120
L120A,-19.032,120
L120V,-15.497,120
L120L,0.0,120
L120I,-14.583,120
L120M,-11.373,120
L120P,-13.347,120
L120Y,-18.802,120
L120F,-10.244,120
L120W,-15.878,120
N121K,-13.361,121
N121R,-15.731,121
N121H,-12.653,121
N121E,-13.339,121
N121D,-7.697,121
N121N,0.0,121
N121Q,-14.239,121
N121T,-9.952,121
N121S,-11.023,121
N121C,-12.773,121
N121G,-13.063,121
N121A,-12.236,121
N121V,-15.384,121
N121L,-13.912,121
N121I,-15.152,121
N121M,-15.376,121
N121P,-21.52,121
N121Y,-15.635,121
N121F,-18.122,121
N121W,-19.463,121
E122K,-13.57,122
E122R,-17.373,122
E122H,-14.262,122
E122E,0.0,122
E122D,-5.772,122
E122N,-11.707,122
E122Q,-10.695,122
E122T,-11.466,122
E122S,-12.335,122
E122C,-14.308,122
E122G,-13.645,122
E122A,-11.672,122
E122V,-12.286,122
E122L,-15.779,122
E122I,-15.606,122
E122M,-13.944,122
E122P,-20.684,122
E122Y,-15.546,122
E122F,-17.163,122
E122W,-18.778,122
P123K,-18.695,123
P123R,-17.687,123
P123H,-13.45,123
P123E,-16.967,123
P123D,-17.338,123
P123N,-16.737,123
P123Q,-15.141,123
P123T,-16.092,123
P123S,-13.841,123
P123C,-13.241,123
P123G,-15.926,123
P123A,-11.875,123
P123V,-17.082,123
P123L,-15.238,123
P123I,-18.444,123
P123M,-17.33,123
P123P,0.0,123
P123Y,-15.808,123
P123F,-16.398,123
P123W,-19.033,123
N124K,-18.872,124
N124R,-19.49,124
N124H,-16.194,124
N124E,-16.4,124
N124D,-16.113,124
N124N,0.0,124
N124Q,-17.451,124
N124T,-16.802,124
N124S,-16.151,124
N124C,-15.803,124
N124G,-16.081,124
N124A,-19.269,124
N124V,-20.498,124
N124L,-18.231,124
N124I,-19.292,124
N124M,-18.97,124
N124P,-21.297,124
N124Y,-18.209,124
N124F,-19.682,124
N124W,-21.265,124
I125K,-14.733,125
I125R,-15.416,125
I125H,-14.697,125
I125E,-16.471,125
I125D,-15.97,125
I125N,-14.872,125
I125Q,-13.767,125
I125T,-11.377,125
I125S,-13.854,125
I125C,-14.412,125
I125G,-15.331,125
I125A,-11.127,125
I125V,-8.325,125
I125L,-11.355,125
I125I,0.0,125
I125M,-9.146,125
I125P,-8.835,125
I125Y,-14.551,125
I125F,-12.227,125
I125W,-17.19,125
Q126K,-7.25,126
Q126R,-12.192,126
Q126H,-12.146,126
Q126E,-6.705,126
Q126D,-11.096,126
Q126N,-11.989,126
Q126Q,0.0,126
Q126T,-12.073,126
Q126S,-12.525,126
Q126C,-15.26,126
Q126G,-13.895,126
Q126A,-8.285,126
Q126V,-13.411,126
Q126L,-11.672,126
Q126I,-14.724,126
Q126M,-12.605,126
Q126P,-15.317,126
Q126Y,-16.812,126
Q126F,-17.556,126
Q126W,-18.776,126
D127K,-15.964,127
D127R,-16.681,127
D127H,-14.63,127
D127E,-7.442,127
D127D,0.0,127
D127N,-11.989,127
D127Q,-14.079,127
D127T,-11.503,127
D127S,-3.054,127
D127C,-14.499,127
D127G,-14.372,127
D127A,-11.167,127
D127V,-12.298,127
D127L,-14.413,127
D127I,-16.17,127
D127M,-15.681,127
D127P,-16.584,127
D127Y,-14.2,127
D127F,-15.159,127
D127W,-17.958,127
P128K,-18.422,128
P128R,-14.94,128
P128H,-15.946,128
P128E,-17.313,128
P128D,-19.019,128
P128N,-17.894,128
P128Q,-15.639,128
P128T,-14.446,128
P128S,-12.115,128
P128C,-9.563,128
P128G,-9.808,128
P128A,-10.659,128
P128V,-15.548,128
P128L,-13.609,128
P128I,-17.057,128
P128M,-16.621,128
P128P,0.0,128
P128Y,-16.01,128
P128F,-15.351,128
P128W,-18.059,128
A129K,-19.648,129
A129R,-19.736,129
A129H,-18.08,129
A129E,-14.645,129
A129D,-13.95,129
A129N,-18.223,129
A129Q,-16.382,129
A129T,-14.41,129
A129S,-12.891,129
A129C,-16.826,129
A129G,-13.884,129
A129A,0.0,129
A129V,-13.713,129
A129L,-17.899,129
A129I,-19.912,129
A129M,-18.112,129
A129P,-15.833,129
A129Y,-18.699,129
A129F,-18.944,129
A129W,-20.478,129
Q130K,-14.494,130
Q130R,-13.956,130
Q130H,-12.355,130
Q130E,-14.326,130
Q130D,-19.954,130
Q130N,-15.414,130
Q130Q,0.0,130
Q130T,-17.717,130
Q130S,-15.859,130
Q130C,-17.552,130
Q130G,-14.492,130
Q130A,-17.981,130
Q130V,-18.47,130
Q130L,-15.621,130
Q130I,-20.389,130
Q130M,-16.484,130
Q130P,-16.621,130
Q130Y,-18.097,130
Q130F,-19.53,130
Q130W,-18.8,130
A131K,-16.427,131
A131R,-16.909,131
A131H,-16.421,131
A131E,-13.975,131
A131D,-17.522,131
A131N,-14.268,131
A131Q,-16.071,131
A131T,-11.943,131
A131S,-9.685,131
A131C,-14.553,131
A131G,-10.991,131
A131A,0.0,131
A131V,-13.762,131
A131L,-16.925,131
A131I,-17.563,131
A131M,-16.953,131
A131P,-14.898,131
A131Y,-15.515,131
A131F,-16.237,131
A131W,-17.455,131
E132K,-15.321,132
E132R,-17.6,132
E132H,-15.655,132
E132E,0.0,132
E132D,-8.885,132
E132N,-14.821,132
E132Q,-11.504,132
E132T,-15.074,132
E132S,-14.817,132
E132C,-18.226,132
E132G,-15.678,132
E132A,-14.806,132
E132V,-16.019,132
E132L,-16.967,132
E132I,-17.539,132
E132M,-17.916,132
E132P,-16.008,132
E132Y,-17.055,132
E132F,-18.473,132
E132W,-19.063,132
A133K,-14.555,133
A133R,-17.786,133
A133H,-15.458,133
A133E,-17.588,133
A133D,-18.309,133
A133N,-17.492,133
A133Q,-17.001,133
A133T,-14.519,133
A133S,-14.073,133
A133C,-15.248,133
A133G,-11.376,133
A133A,0.0,133
A133V,-15.598,133
A133L,-16.315,133
A133I,-16.806,133
A133M,-15.846,133
A133P,-14.443,133
A133Y,-18.191,133
A133F,-17.81,133
A133W,-19.395,133
Y134K,-19.351,134
Y134R,-16.706,134
Y134H,-12.522,134
Y134E,-19.488,134
Y134D,-17.369,134
Y134N,-14.766,134
Y134Q,-18.096,134
Y134T,-16.963,134
Y134S,-11.327,134
Y134C,-10.982,134
Y134G,-14.839,134
Y134A,-15.471,134
Y134V,-18.914,134
Y134L,-16.722,134
Y134I,-19.745,134
Y134M,-19.655,134
Y134P,-19.213,134
Y134Y,0.0,134
Y134F,-10.286,134
Y134W,-12.936,134
T135K,-13.753,135
T135R,-15.0,135
T135H,-11.593,135
T135E,-14.885,135
T135D,-15.452,135
T135N,-7.898,135
T135Q,-8.557,135
T135T,0.0,135
T135S,-8.433,135
T135C,-12.342,135
T135G,-13.778,135
T135A,-10.125,135
T135V,-9.18,135
T135L,-13.021,135
T135I,-10.945,135
T135M,-10.548,135
T135P,-14.575,135
T135Y,-14.252,135
T135F,-14.654,135
T135W,-17.378,135
I136K,-15.442,136
I136R,-15.915,136
I136H,-12.034,136
I136E,-12.258,136
I136D,-14.279,136
I136N,-14.467,136
I136Q,-10.322,136
I136T,-10.271,136
I136S,-13.233,136
I136C,-14.287,136
I136G,-17.224,136
I136A,-11.206,136
I136V,-7.281,136
I136L,-6.336,136
I136I,0.0,136
I136M,-8.833,136
I136P,-14.252,136
I136Y,-14.369,136
I136F,-13.107,136
I136W,-16.722,136
Y137K,-17.553,137
Y137R,-16.56,137
Y137H,-12.374,137
Y137E,-18.913,137
Y137D,-17.316,137
Y137N,-15.383,137
Y137Q,-15.868,137
Y137T,-18.103,137
Y137S,-14.977,137
Y137C,-12.825,137
Y137G,-18.54,137
Y137A,-17.985,137
Y137V,-17.143,137
Y137L,-13.104,137
Y137I,-17.026,137
Y137M,-16.364,137
Y137P,-18.52,137
Y137Y,0.0,137
Y137F,-4.858,137
Y137W,-12.851,137
C138K,-9.085,138
C138R,-7.539,138
C138H,-16.406,138
C138E,-17.639,138
C138D,-19.782,138
C138N,-12.74,138
C138Q,-12.145,138
C138T,-7.913,138
C138S,-7.496,138
C138C,0.0,138
C138G,-15.104,138
C138A,-12.299,138
C138V,-12.349,138
C138L,-13.89,138
C138I,-14.148,138
C138M,-13.465,138
C138P,-17.26,138
C138Y,-16.71,138
C138F,-17.177,138
C138W,-16.668,138
Q139K,-16.401,139
Q139R,-15.232,139
Q139H,-7.768,139
Q139E,-14.547,139
Q139D,-15.343,139
Q139N,-10.221,139
Q139Q,0.0,139
Q139T,-10.915,139
Q139S,-12.276,139
Q139C,-16.84,139
Q139G,-16.349,139
Q139A,-14.029,139
Q139V,-17.834,139
Q139L,-14.773,139
Q139I,-17.523,139
Q139M,-16.198,139
Q139P,-12.118,139
Q139Y,-14.028,139
Q139F,-15.699,139
Q139W,-19.193,139
N140K,-12.215,140
N140R,-13.485,140
N140H,-10.747,140
N140E,-12.036,140
N140D,-6.177,140
N140N,0.0,140
N140Q,-11.719,140
N140T,-12.054,140
N140S,-7.233,140
N140C,-12.916,140
N140G,-11.983,140
N140A,-12.457,140
N140V,-15.314,140
N140L,-16.443,140
N140I,-16.189,140
N140M,-16.663,140
N140P,-20.341,140
N140Y,-12.582,140
N140F,-14.778,140
N140W,-17.172,140
R141K,-4.557,141
R141R,0.0,141
R141H,-13.205,141
R141E,-18.03,141
R141D,-20.891,141
R141N,-14.793,141
R141Q,-12.184,141
R141T,-14.724,141
R141S,-14.351,141
R141C,-14.985,141
R141G,-17.316,141
R141A,-16.895,141
R141V,-17.148,141
R141L,-15.539,141
R141I,-14.46,141
R141M,-15.59,141
R141P,-13.829,141
R141Y,-14.544,141
R141F,-16.804,141
R141W,-16.586,141
V142K,-8.515,142
V142R,-9.337,142
V142H,-8.233,142
V142E,-10.509,142
V142D,-12.55,142
V142N,-7.497,142
V142Q,-5.322,142
V142T,-4.276,142
V142S,-6.535,142
V142C,-11.315,142
V142G,-9.215,142
V142A,-4.804,142
V142V,0.0,142
V142L,-4.615,142
V142I,-4.991,142
V142M,-4.807,142
V142P,-7.653,142
V142Y,-10.83,142
V142F,-9.093,142
V142W,-12.97,142
E143K,-14.024,143
E143R,-17.788,143
E143H,-16.76,143
E143E,0.0,143
E143D,-6.737,143
E143N,-14.184,143
E143Q,-9.585,143
E143T,-14.145,143
E143S,-14.106,143
E143C,-18.486,143
E143G,-14.391,143
E143A,-8.937,143
E143V,-14.78,143
E143L,-13.19,143
E143I,-16.868,143
E143M,-12.719,143
E143P,-18.817,143
E143Y,-20.334,143
E143F,-19.28,143
E143W,-20.547,143
Y144K,-16.816,144
Y144R,-19.034,144
Y144H,-13.227,144
Y144E,-17.521,144
Y144D,-19.069,144
Y144N,-16.378,144
Y144Q,-17.434,144
Y144T,-18.765,144
Y144S,-17.534,144
Y144C,-15.51,144
Y144G,-20.989,144
Y144A,-18.827,144
Y144V,-18.84,144
Y144L,-16.611,144
Y144I,-18.952,144
Y144M,-18.682,144
Y144P,-23.148,144
Y144Y,0.0,144
Y144F,-7.476,144
Y144W,-17.992,144
E145K,-14.237,145
E145R,-17.747,145
E145H,-15.695,145
E145E,0.0,145
E145D,-6.883,145
E145N,-10.092,145
E145Q,-12.972,145
E145T,-14.677,145
E145S,-14.137,145
E145C,-16.775,145
E145G,-14.152,145
E145A,-12.834,145
E145V,-16.104,145
E145L,-17.164,145
E145I,-17.431,145
E145M,-16.564,145
E145P,-21.893,145
E145Y,-16.533,145
E145F,-17.738,145
E145W,-20.687,145
K146K,0.0,146
K146R,-6.755,146
K146H,-14.791,146
K146E,-16.265,146
K146D,-17.723,146
K146N,-9.124,146
K146Q,-12.707,146
K146T,-11.791,146
K146S,-11.834,146
K146C,-17.024,146
K146G,-15.317,146
K146A,-13.348,146
K146V,-17.931,146
K146L,-17.525,146
K146I,-17.009,146
K146M,-14.949,146
K146P,-23.074,146
K146Y,-18.833,146
K146F,-20.717,146
K146W,-20.348,146
R147K,-8.438,147
R147R,0.0,147
R147H,-13.429,147
R147E,-18.02,147
R147D,-18.82,147
R147N,-12.431,147
R147Q,-12.839,147
R147T,-13.395,147
R147S,-13.376,147
R147C,-14.255,147
R147G,-16.914,147
R147A,-16.856,147
R147V,-16.155,147
R147L,-10.996,147
R147I,-11.836,147
R147M,-10.467,147
R147P,-21.602,147
R147Y,-16.83,147
R147F,-16.821,147
R147W,-16.07,147
V148K,-16.095,148
V148R,-16.5,148
V148H,-17.992,148
V148E,-16.349,148
V148D,-15.337,148
V148N,-15.874,148
V148Q,-16.169,148
V148T,-11.567,148
V148S,-12.346,148
V148C,-12.657,148
V148G,-16.49,148
V148A,-9.822,148
V148V,0.0,148
V148L,-11.405,148
V148I,-8.602,148
V148M,-12.441,148
V148P,-17.805,148
V148Y,-15.365,148
V148F,-13.99,148
V148W,-17.889,148
R149K,-8.835,149
R149R,0.0,149
R149H,-11.777,149
R149E,-18.067,149
R149D,-20.222,149
R149N,-14.094,149
R149Q,-11.24,149
R149T,-13.984,149
R149S,-13.721,149
R149C,-12.914,149
R149G,-15.789,149
R149A,-14.144,149
R149V,-15.659,149
R149L,-12.759,149
R149I,-14.52,149
R149M,-14.172,149
R149P,-20.219,149
R149Y,-14.281,149
R149F,-15.18,149
R149W,-13.783,149
A150K,-17.196,150
A150R,-12.126,150
A150H,-15.74,150
A150E,-13.387,150
A150D,-15.812,150
A150N,-13.737,150
A150Q,-12.541,150
A150T,-8.989,150
A150S,-7.366,150
A150C,-11.721,150
A150G,-11.913,150
A150A,0.0,150
A150V,-10.746,150
A150L,-12.29,150
A150I,-12.428,150
A150M,-11.379,150
A150P,-20.888,150
A150Y,-15.776,150
A150F,-15.295,150
A150W,-16.451,150
Q151K,-18.023,151
Q151R,-16.953,151
Q151H,-14.039,151
Q151E,-9.737,151
Q151D,-18.167,151
Q151N,-15.995,151
Q151Q,0.0,151
Q151T,-17.13,151
Q151S,-16.776,151
Q151C,-15.553,151
Q151G,-19.178,151
Q151A,-16.5,151
Q151V,-17.518,151
Q151L,-13.71,151
Q151I,-15.111,151
Q151M,-15.492,151
Q151P,-21.459,151
Q151Y,-16.331,151
Q151F,-18.365,151
Q151W,-16.697,151
A152K,-16.668,152
A152R,-18.107,152
A152H,-14.198,152
A152E,-17.051,152
A152D,-18.41,152
A152N,-17.382,152
A152Q,-16.69,152
A152T,-12.77,152
A152S,-12.427,152
A152C,-15.348,152
A152G,-16.449,152
A152A,0.0,152
A152V,-10.813,152
A152L,-17.404,152
A152I,-15.426,152
A152M,-16.106,152
A152P,-16.604,152
A152Y,-17.328,152
A152F,-17.25,152
A152W,-19.444,152
K153K,0.0,153
K153R,-3.81,153
K153H,-11.973,153
K153E,-12.111,153
K153D,-17.457,153
K153N,-12.191,153
K153Q,-8.908,153
K153T,-12.824,153
K153S,-12.867,153
K153C,-12.569,153
K153G,-13.546,153
K153A,-13.623,153
K153V,-15.615,153
K153L,-13.044,153
K153I,-14.296,153
K153M,-12.109,153
K153P,-17.043,153
K153Y,-16.039,153
K153F,-16.992,153
K153W,-13.518,153
K154K,0.0,154
K154R,-8.035,154
K154H,-15.859,154
K154E,-14.412,154
K154D,-17.728,154
K154N,-12.427,154
K154Q,-10.94,154
K154T,-12.822,154
K154S,-12.476,154
K154C,-16.142,154
K154G,-14.06,154
K154A,-8.444,154
K154V,-14.715,154
K154L,-14.202,154
K154I,-15.19,154
K154M,-12.172,154
K154P,-16.525,154
K154Y,-18.999,154
K154F,-18.867,154
K154W,-20.258,154
F155K,-14.755,155
F155R,-15.009,155
F155H,-7.634,155
F155E,-10.241,155
F155D,-9.666,155
F155N,-10.486,155
F155Q,-12.072,155
F155T,-13.433,155
F155S,-12.479,155
F155C,-11.589,155
F155G,-14.795,155
F155A,-13.696,155
F155V,-12.575,155
F155L,-10.453,155
F155I,-11.673,155
F155M,-12.999,155
F155P,-14.813,155
F155Y,-4.982,155
F155F,0.0,155
F155W,-13.783,155
A156K,-12.947,156
A156R,-15.02,156
A156H,-14.53,156
A156E,-15.316,156
A156D,-17.06,156
A156N,-14.005,156
A156Q,-11.208,156
A156T,-10.002,156
A156S,-10.858,156
A156C,-12.967,156
A156G,-12.776,156
A156A,0.0,156
A156V,-9.794,156
A156L,-10.555,156
A156I,-12.526,156
A156M,-11.782,156
A156P,-12.124,156
A156Y,-14.732,156
A156F,-13.148,156
A156W,-17.069,156
P157K,-12.121,157
P157R,-12.272,157
P157H,-12.029,157
P157E,-11.457,157
P157D,-13.927,157
P157N,-12.785,157
P157Q,-8.607,157
P157T,-10.045,157
P157S,-9.669,157
P157C,-13.279,157
P157G,-12.231,157
P157A,-9.864,157
P157V,-12.333,157
P157L,-10.636,157
P157I,-12.466,157
P157M,-9.88,157
P157P,0.0,157
P157Y,-15.25,157
P157F,-14.534,157
P157W,-16.5,157
S158K,-7.881,158
S158R,-10.187,158
S158H,-6.888,158
S158E,-4.544,158
S158D,-4.736,158
S158N,-3.615,158
S158Q,-5.05,158
S158T,-4.793,158
S158S,0.0,158
S158C,-3.223,158
S158G,-4.905,158
S158A,-2.055,158
S158V,-4.149,158
S158L,-5.328,158
S158I,-6.342,158
S158M,-6.105,158
S158P,-5.471,158
S158Y,-8.809,158
S158F,-8.385,158
S158W,-11.369,158
